{"name":"\u7537\u5b50\u6c49","description":"\u798f\u5229app\u4e0b\u8f7d\u7ad9","url":"http:\/\/www.y66p.com","home":"http:\/\/www.y66p.com","gmt_offset":8,"timezone_string":"Asia\/Shanghai","namespaces":["oembed\/1.0","wp\/v2"],"authentication":[],"routes":{"\/":{"namespace":"","methods":["GET"],"endpoints":[{"methods":["GET"],"args":{"context":{"required":false,"default":"view"}}}],"_links":{"self":[{"href":"http:\/\/www.y66p.com\/index.php?rest_route=\/"}]}},"\/oembed\/1.0":{"namespace":"oembed\/1.0","methods":["GET"],"endpoints":[{"methods":["GET"],"args":{"namespace":{"required":false,"default":"oembed\/1.0"},"context":{"required":false,"default":"view"}}}],"_links":{"self":[{"href":"http:\/\/www.y66p.com\/index.php?rest_route=\/oembed\/1.0"}]}},"\/oembed\/1.0\/embed":{"namespace":"oembed\/1.0","methods":["GET"],"endpoints":[{"methods":["GET"],"args":{"url":{"required":true},"format":{"required":false,"default":"json"},"maxwidth":{"required":false,"default":600}}}],"_links":{"self":[{"href":"http:\/\/www.y66p.com\/index.php?rest_route=\/oembed\/1.0\/embed"}]}},"\/oembed\/1.0\/proxy":{"namespace":"oembed\/1.0","methods":["GET"],"endpoints":[{"methods":["GET"],"args":{"url":{"required":true,"description":"\u9700\u8981\u83b7\u53d6oEmbed\u6570\u636e\u7684\u94fe\u63a5\u3002","type":"string"},"format":{"required":false,"default":"json","enum":["json","xml"],"description":"\u4f7f\u7528\u7684oEmbed\u683c\u5f0f\u3002","type":"string"},"maxwidth":{"required":false,"default":600,"description":"\u5d4c\u5165\u7684\u5143\u7d20\u7684\u6700\u5927\u5bbd\u5ea6\uff08\u50cf\u7d20\uff09\u3002","type":"integer"},"maxheight":{"required":false,"description":"\u5d4c\u5165\u7684\u5143\u7d20\u7684\u6700\u5927\u9ad8\u5ea6\uff08\u50cf\u7d20\uff09\u3002","type":"integer"},"discover":{"required":false,"default":true,"description":"\u5bf9\u4e0d\u5728\u767d\u540d\u5355\u5185\u7684\u63d0\u4f9b\u8005\u662f\u5426\u8fdb\u884coEmbed\u53d1\u73b0\u8bf7\u6c42\u3002","type":"boolean"}}}],"_links":{"self":[{"href":"http:\/\/www.y66p.com\/index.php?rest_route=\/oembed\/1.0\/proxy"}]}},"\/wp\/v2":{"namespace":"wp\/v2","methods":["GET"],"endpoints":[{"methods":["GET"],"args":{"namespace":{"required":false,"default":"wp\/v2"},"context":{"required":false,"default":"view"}}}],"_links":{"self":[{"href":"http:\/\/www.y66p.com\/index.php?rest_route=\/wp\/v2"}]}},"\/wp\/v2\/posts":{"namespace":"wp\/v2","methods":["GET","POST"],"endpoints":[{"methods":["GET"],"args":{"context":{"required":false,"default":"view","enum":["view","embed","edit"],"description":"\u8bf7\u6c42\u63d0\u51fa\u7684\u8303\u56f4\uff0c\u7528\u4e8e\u51b3\u5b9a\u56de\u5e94\u5305\u542b\u7684\u5b57\u6bb5\u3002","type":"string"},"page":{"required":false,"default":1,"description":"\u96c6\u5408\u7684\u5f53\u524d\u9875\u3002","type":"integer"},"per_page":{"required":false,"default":10,"description":"\u7ed3\u679c\u96c6\u5305\u542b\u7684\u6700\u5927\u9879\u76ee\u6570\u91cf\u3002","type":"integer"},"search":{"required":false,"description":"\u5c06\u7ed3\u679c\u9650\u5236\u4e3a\u5339\u914d\u5b57\u7b26\u4e32\u7684\u3002","type":"string"},"after":{"required":false,"description":"\u5c06\u56de\u5e94\u9650\u5236\u5728\u4e00\u4e2a\u7ed9\u5b9a\u7684ISO8601\u517c\u5bb9\u65e5\u671f\u4e4b\u540e\u53d1\u5e03\u7684\u6587\u7ae0\u3002","type":"string"},"author":{"required":false,"default":[],"description":"\u9650\u5236\u7ed3\u679c\u96c6\u4e3a\u6307\u5b9a\u7ed9\u7279\u5b9a\u4f5c\u8005\u7684\u6587\u7ae0\u3002","type":"array","items":{"type":"integer"}},"author_exclude":{"required":false,"default":[],"description":"\u786e\u4fdd\u7ed3\u679c\u96c6\u6392\u9664\u6307\u5b9a\u7ed9\u7279\u5b9a\u4f5c\u8005\u7684\u6587\u7ae0\u3002","type":"array","items":{"type":"integer"}},"before":{"required":false,"description":"\u5c06\u56de\u5e94\u9650\u5236\u5728\u4e00\u4e2a\u7ed9\u5b9a\u7684ISO8601\u517c\u5bb9\u65e5\u671f\u4e4b\u524d\u53d1\u5e03\u7684\u6587\u7ae0\u3002","type":"string"},"exclude":{"required":false,"default":[],"description":"\u786e\u4fdd\u7ed3\u679c\u96c6\u6392\u9664\u6307\u5b9aID\u3002","type":"array","items":{"type":"integer"}},"include":{"required":false,"default":[],"description":"\u5c06\u7ed3\u679c\u96c6\u9650\u5236\u5230\u6307\u5b9aID\u3002","type":"array","items":{"type":"integer"}},"offset":{"required":false,"description":"\u5c06\u7ed3\u679c\u96c6\u79fb\u4f4d\u7279\u5b9a\u6570\u91cf\u3002","type":"integer"},"order":{"required":false,"default":"desc","enum":["asc","desc"],"description":"\u8bbe\u7f6e\u6392\u5e8f\u5b57\u6bb5\u5347\u5e8f\u6216\u964d\u5e8f\u3002","type":"string"},"orderby":{"required":false,"default":"date","enum":["author","date","id","include","modified","parent","relevance","slug","include_slugs","title"],"description":"\u6309\u5bf9\u8c61\u5c5e\u6027\u6392\u5e8f\u96c6\u5408\u3002","type":"string"},"slug":{"required":false,"description":"\u9650\u5236\u7ed3\u679c\u96c6\u4e3a\u6709\u4e00\u4e2a\u6216\u591a\u4e2a\u7279\u5b9a\u522b\u540d\u7684\u6587\u7ae0\u3002","type":"array","items":{"type":"string"}},"status":{"required":false,"default":"publish","description":"\u9650\u5236\u7ed3\u679c\u96c6\u4e3a\u6709\u4e00\u4e2a\u6216\u591a\u4e2a\u72b6\u6001\u7684\u6587\u7ae0\u3002","type":"array","items":{"enum":["publish","future","draft","pending","private","trash","auto-draft","inherit","request-pending","request-confirmed","request-failed","request-completed","any"],"type":"string"}},"tax_relation":{"required":false,"enum":["AND","OR"],"description":"\u57fa\u4e8e\u591a\u4e2a\u5206\u7c7b\u6cd5\u95f4\u7684\u5173\u7cfb\u9650\u5236\u7ed3\u679c\u96c6\u3002","type":"string"},"categories":{"required":false,"default":[],"description":"\u9650\u5236\u7ed3\u679c\u96c6\u4e3a\u5728categories\u5206\u7c7b\u6cd5\u4e2d\u6307\u5b9a\u4e86\u7279\u5b9a\u9879\u76ee\u7684\u9879\u76ee\u3002","type":"array","items":{"type":"integer"}},"categories_exclude":{"required":false,"default":[],"description":"\u9650\u5236\u7ed3\u679c\u96c6\u4e3a\u5728categories\u5206\u7c7b\u6cd5\u4e2d\u6ca1\u6709\u6307\u5b9a\u7279\u5b9a\u9879\u76ee\u7684\u9879\u76ee\u3002","type":"array","items":{"type":"integer"}},"tags":{"required":false,"default":[],"description":"\u9650\u5236\u7ed3\u679c\u96c6\u4e3a\u5728tags\u5206\u7c7b\u6cd5\u4e2d\u6307\u5b9a\u4e86\u7279\u5b9a\u9879\u76ee\u7684\u9879\u76ee\u3002","type":"array","items":{"type":"integer"}},"tags_exclude":{"required":false,"default":[],"description":"\u9650\u5236\u7ed3\u679c\u96c6\u4e3a\u5728tags\u5206\u7c7b\u6cd5\u4e2d\u6ca1\u6709\u6307\u5b9a\u7279\u5b9a\u9879\u76ee\u7684\u9879\u76ee\u3002","type":"array","items":{"type":"integer"}},"sticky":{"required":false,"description":"\u9650\u5236\u7ed3\u679c\u96c6\u4e3a\u7f6e\u9876\u9879\u76ee\u3002","type":"boolean"}}},{"methods":["POST"],"args":{"date":{"required":false,"description":"\u5bf9\u8c61\u7684\u53d1\u5e03\u65f6\u95f4\uff0c\u7ad9\u70b9\u65f6\u533a\u3002","type":["string","null"]},"date_gmt":{"required":false,"description":"\u5bf9\u8c61\u7684\u53d1\u5e03\u65f6\u95f4\uff0cGMT\u3002","type":["string","null"]},"slug":{"required":false,"description":"\u5bf9\u8c61\u7c7b\u522b\u800c\u8a00\u7684\u82f1\u6570\u5b57\u6807\u8bc6\u7b26\u3002","type":"string"},"status":{"required":false,"enum":["publish","future","draft","pending","private"],"description":"\u5bf9\u8c61\u7684\u547d\u540d\u72b6\u6001\u3002","type":"string"},"password":{"required":false,"description":"\u7528\u6765\u4fdd\u62a4\u5185\u5bb9\u548c\u6458\u8981\u7684\u5bc6\u7801\u3002","type":"string"},"title":{"required":false,"description":"\u5bf9\u8c61\u7684\u6807\u9898\u3002","type":"object"},"content":{"required":false,"description":"\u5bf9\u8c61\u7684\u5185\u5bb9\u3002","type":"object"},"author":{"required":false,"description":"\u5bf9\u8c61\u4f5c\u8005\u7684ID\u3002","type":"integer"},"excerpt":{"required":false,"description":"\u5bf9\u8c61\u7684\u6458\u8981\u3002","type":"object"},"featured_media":{"required":false,"description":"\u5bf9\u8c61\u7684\u7279\u8272\u5a92\u4f53ID\u3002","type":"integer"},"comment_status":{"required":false,"enum":["open","closed"],"description":"\u5bf9\u8c61\u662f\u5426\u5f00\u653e\u8bc4\u8bba\u3002","type":"string"},"ping_status":{"required":false,"enum":["open","closed"],"description":"\u5bf9\u8c61\u662f\u5426\u63a5\u53d7ping\u3002","type":"string"},"format":{"required":false,"enum":["standard","aside","chat","gallery","link","image","quote","status","video","audio"],"description":"\u5bf9\u8c61\u7684\u683c\u5f0f\u3002","type":"string"},"meta":{"required":false,"description":"\u5143\u5b57\u6bb5\u3002","type":"object"},"sticky":{"required":false,"description":"\u5bf9\u8c61\u662f\u5426\u662f\u7f6e\u9876\u7684\u3002","type":"boolean"},"template":{"required":false,"description":"\u7528\u6765\u663e\u793a\u6b64\u5bf9\u8c61\u7684\u4e3b\u9898\u6587\u4ef6\u3002","type":"string"},"categories":{"required":false,"description":"\u6b64\u5bf9\u8c61\u5728category\u5206\u7c7b\u6cd5\u4e2d\u6307\u5b9a\u7684\u9879\u76ee\u3002","type":"array","items":{"type":"integer"}},"tags":{"required":false,"description":"\u6b64\u5bf9\u8c61\u5728post_tag\u5206\u7c7b\u6cd5\u4e2d\u6307\u5b9a\u7684\u9879\u76ee\u3002","type":"array","items":{"type":"integer"}}}}],"_links":{"self":[{"href":"http:\/\/www.y66p.com\/index.php?rest_route=\/wp\/v2\/posts"}]}},"\/wp\/v2\/posts\/(?P<id>[\\d]+)":{"namespace":"wp\/v2","methods":["GET","POST","PUT","PATCH","DELETE"],"endpoints":[{"methods":["GET"],"args":{"id":{"required":false,"description":"\u5bf9\u8c61\u7684\u552f\u4e00\u6807\u8bc6\u7b26\u3002","type":"integer"},"context":{"required":false,"default":"view","enum":["view","embed","edit"],"description":"\u8bf7\u6c42\u63d0\u51fa\u7684\u8303\u56f4\uff0c\u7528\u4e8e\u51b3\u5b9a\u56de\u5e94\u5305\u542b\u7684\u5b57\u6bb5\u3002","type":"string"},"password":{"required":false,"description":"\u8be5\u6587\u7ae0\u7684\u5bc6\u7801\uff0c\u5982\u6587\u7ae0\u53d7\u5bc6\u7801\u4fdd\u62a4\u3002","type":"string"}}},{"methods":["POST","PUT","PATCH"],"args":{"id":{"required":false,"description":"\u5bf9\u8c61\u7684\u552f\u4e00\u6807\u8bc6\u7b26\u3002","type":"integer"},"date":{"required":false,"description":"\u5bf9\u8c61\u7684\u53d1\u5e03\u65f6\u95f4\uff0c\u7ad9\u70b9\u65f6\u533a\u3002","type":["string","null"]},"date_gmt":{"required":false,"description":"\u5bf9\u8c61\u7684\u53d1\u5e03\u65f6\u95f4\uff0cGMT\u3002","type":["string","null"]},"slug":{"required":false,"description":"\u5bf9\u8c61\u7c7b\u522b\u800c\u8a00\u7684\u82f1\u6570\u5b57\u6807\u8bc6\u7b26\u3002","type":"string"},"status":{"required":false,"enum":["publish","future","draft","pending","private"],"description":"\u5bf9\u8c61\u7684\u547d\u540d\u72b6\u6001\u3002","type":"string"},"password":{"required":false,"description":"\u7528\u6765\u4fdd\u62a4\u5185\u5bb9\u548c\u6458\u8981\u7684\u5bc6\u7801\u3002","type":"string"},"title":{"required":false,"description":"\u5bf9\u8c61\u7684\u6807\u9898\u3002","type":"object"},"content":{"required":false,"description":"\u5bf9\u8c61\u7684\u5185\u5bb9\u3002","type":"object"},"author":{"required":false,"description":"\u5bf9\u8c61\u4f5c\u8005\u7684ID\u3002","type":"integer"},"excerpt":{"required":false,"description":"\u5bf9\u8c61\u7684\u6458\u8981\u3002","type":"object"},"featured_media":{"required":false,"description":"\u5bf9\u8c61\u7684\u7279\u8272\u5a92\u4f53ID\u3002","type":"integer"},"comment_status":{"required":false,"enum":["open","closed"],"description":"\u5bf9\u8c61\u662f\u5426\u5f00\u653e\u8bc4\u8bba\u3002","type":"string"},"ping_status":{"required":false,"enum":["open","closed"],"description":"\u5bf9\u8c61\u662f\u5426\u63a5\u53d7ping\u3002","type":"string"},"format":{"required":false,"enum":["standard","aside","chat","gallery","link","image","quote","status","video","audio"],"description":"\u5bf9\u8c61\u7684\u683c\u5f0f\u3002","type":"string"},"meta":{"required":false,"description":"\u5143\u5b57\u6bb5\u3002","type":"object"},"sticky":{"required":false,"description":"\u5bf9\u8c61\u662f\u5426\u662f\u7f6e\u9876\u7684\u3002","type":"boolean"},"template":{"required":false,"description":"\u7528\u6765\u663e\u793a\u6b64\u5bf9\u8c61\u7684\u4e3b\u9898\u6587\u4ef6\u3002","type":"string"},"categories":{"required":false,"description":"\u6b64\u5bf9\u8c61\u5728category\u5206\u7c7b\u6cd5\u4e2d\u6307\u5b9a\u7684\u9879\u76ee\u3002","type":"array","items":{"type":"integer"}},"tags":{"required":false,"description":"\u6b64\u5bf9\u8c61\u5728post_tag\u5206\u7c7b\u6cd5\u4e2d\u6307\u5b9a\u7684\u9879\u76ee\u3002","type":"array","items":{"type":"integer"}}}},{"methods":["DELETE"],"args":{"id":{"required":false,"description":"\u5bf9\u8c61\u7684\u552f\u4e00\u6807\u8bc6\u7b26\u3002","type":"integer"},"force":{"required":false,"default":false,"description":"\u662f\u5426\u7ed5\u8fc7\u56de\u6536\u7ad9\u5e76\u5f3a\u884c\u5220\u9664\u3002","type":"boolean"}}}]},"\/wp\/v2\/posts\/(?P<parent>[\\d]+)\/revisions":{"namespace":"wp\/v2","methods":["GET"],"endpoints":[{"methods":["GET"],"args":{"parent":{"required":false,"description":"\u5bf9\u8c61\u7684\u7236\u5bf9\u8c61ID\u3002","type":"integer"},"context":{"required":false,"default":"view","enum":["view","embed","edit"],"description":"\u8bf7\u6c42\u63d0\u51fa\u7684\u8303\u56f4\uff0c\u7528\u4e8e\u51b3\u5b9a\u56de\u5e94\u5305\u542b\u7684\u5b57\u6bb5\u3002","type":"string"},"page":{"required":false,"default":1,"description":"\u96c6\u5408\u7684\u5f53\u524d\u9875\u3002","type":"integer"},"per_page":{"required":false,"description":"\u7ed3\u679c\u96c6\u5305\u542b\u7684\u6700\u5927\u9879\u76ee\u6570\u91cf\u3002","type":"integer"},"search":{"required":false,"description":"\u5c06\u7ed3\u679c\u9650\u5236\u4e3a\u5339\u914d\u5b57\u7b26\u4e32\u7684\u3002","type":"string"},"exclude":{"required":false,"default":[],"description":"\u786e\u4fdd\u7ed3\u679c\u96c6\u6392\u9664\u6307\u5b9aID\u3002","type":"array","items":{"type":"integer"}},"include":{"required":false,"default":[],"description":"\u5c06\u7ed3\u679c\u96c6\u9650\u5236\u5230\u6307\u5b9aID\u3002","type":"array","items":{"type":"integer"}},"offset":{"required":false,"description":"\u5c06\u7ed3\u679c\u96c6\u79fb\u4f4d\u7279\u5b9a\u6570\u91cf\u3002","type":"integer"},"order":{"required":false,"default":"desc","enum":["asc","desc"],"description":"\u8bbe\u7f6e\u6392\u5e8f\u5b57\u6bb5\u5347\u5e8f\u6216\u964d\u5e8f\u3002","type":"string"},"orderby":{"required":false,"default":"date","enum":["date","id","include","relevance","slug","include_slugs","title"],"description":"\u6309\u5bf9\u8c61\u5c5e\u6027\u6392\u5e8f\u96c6\u5408\u3002","type":"string"}}}]},"\/wp\/v2\/posts\/(?P<parent>[\\d]+)\/revisions\/(?P<id>[\\d]+)":{"namespace":"wp\/v2","methods":["GET","DELETE"],"endpoints":[{"methods":["GET"],"args":{"parent":{"required":false,"description":"\u5bf9\u8c61\u7684\u7236\u5bf9\u8c61ID\u3002","type":"integer"},"id":{"required":false,"description":"\u5bf9\u8c61\u7684\u552f\u4e00\u6807\u8bc6\u7b26\u3002","type":"integer"},"context":{"required":false,"default":"view","enum":["view","embed","edit"],"description":"\u8bf7\u6c42\u63d0\u51fa\u7684\u8303\u56f4\uff0c\u7528\u4e8e\u51b3\u5b9a\u56de\u5e94\u5305\u542b\u7684\u5b57\u6bb5\u3002","type":"string"}}},{"methods":["DELETE"],"args":{"parent":{"required":false,"description":"\u5bf9\u8c61\u7684\u7236\u5bf9\u8c61ID\u3002","type":"integer"},"id":{"required":false,"description":"\u5bf9\u8c61\u7684\u552f\u4e00\u6807\u8bc6\u7b26\u3002","type":"integer"},"force":{"required":false,"default":false,"description":"\u8981\u6c42\u4e3atrue\uff0c\u56e0\u4e3a\u4fee\u8ba2\u7248\u672c\u4e0d\u80fd\u88ab\u79fb\u52a8\u5230\u56de\u6536\u7ad9\u3002","type":"boolean"}}}]},"\/wp\/v2\/posts\/(?P<id>[\\d]+)\/autosaves":{"namespace":"wp\/v2","methods":["GET","POST"],"endpoints":[{"methods":["GET"],"args":{"parent":{"required":false,"description":"\u5bf9\u8c61\u7684\u7236\u5bf9\u8c61ID\u3002","type":"integer"},"context":{"required":false,"default":"view","enum":["view","embed","edit"],"description":"\u8bf7\u6c42\u63d0\u51fa\u7684\u8303\u56f4\uff0c\u7528\u4e8e\u51b3\u5b9a\u56de\u5e94\u5305\u542b\u7684\u5b57\u6bb5\u3002","type":"string"}}},{"methods":["POST"],"args":{"parent":{"required":false,"description":"\u5bf9\u8c61\u7684\u7236\u5bf9\u8c61ID\u3002","type":"integer"},"date":{"required":false,"description":"\u5bf9\u8c61\u7684\u53d1\u5e03\u65f6\u95f4\uff0c\u7ad9\u70b9\u65f6\u533a\u3002","type":["string","null"]},"date_gmt":{"required":false,"description":"\u5bf9\u8c61\u7684\u53d1\u5e03\u65f6\u95f4\uff0cGMT\u3002","type":["string","null"]},"slug":{"required":false,"description":"\u5bf9\u8c61\u7c7b\u522b\u800c\u8a00\u7684\u82f1\u6570\u5b57\u6807\u8bc6\u7b26\u3002","type":"string"},"status":{"required":false,"enum":["publish","future","draft","pending","private"],"description":"\u5bf9\u8c61\u7684\u547d\u540d\u72b6\u6001\u3002","type":"string"},"password":{"required":false,"description":"\u7528\u6765\u4fdd\u62a4\u5185\u5bb9\u548c\u6458\u8981\u7684\u5bc6\u7801\u3002","type":"string"},"title":{"required":false,"description":"\u5bf9\u8c61\u7684\u6807\u9898\u3002","type":"object"},"content":{"required":false,"description":"\u5bf9\u8c61\u7684\u5185\u5bb9\u3002","type":"object"},"author":{"required":false,"description":"\u5bf9\u8c61\u4f5c\u8005\u7684ID\u3002","type":"integer"},"excerpt":{"required":false,"description":"\u5bf9\u8c61\u7684\u6458\u8981\u3002","type":"object"},"featured_media":{"required":false,"description":"\u5bf9\u8c61\u7684\u7279\u8272\u5a92\u4f53ID\u3002","type":"integer"},"comment_status":{"required":false,"enum":["open","closed"],"description":"\u5bf9\u8c61\u662f\u5426\u5f00\u653e\u8bc4\u8bba\u3002","type":"string"},"ping_status":{"required":false,"enum":["open","closed"],"description":"\u5bf9\u8c61\u662f\u5426\u63a5\u53d7ping\u3002","type":"string"},"format":{"required":false,"enum":["standard","aside","chat","gallery","link","image","quote","status","video","audio"],"description":"\u5bf9\u8c61\u7684\u683c\u5f0f\u3002","type":"string"},"meta":{"required":false,"description":"\u5143\u5b57\u6bb5\u3002","type":"object"},"sticky":{"required":false,"description":"\u5bf9\u8c61\u662f\u5426\u662f\u7f6e\u9876\u7684\u3002","type":"boolean"},"template":{"required":false,"description":"\u7528\u6765\u663e\u793a\u6b64\u5bf9\u8c61\u7684\u4e3b\u9898\u6587\u4ef6\u3002","type":"string"},"categories":{"required":false,"description":"\u6b64\u5bf9\u8c61\u5728category\u5206\u7c7b\u6cd5\u4e2d\u6307\u5b9a\u7684\u9879\u76ee\u3002","type":"array","items":{"type":"integer"}},"tags":{"required":false,"description":"\u6b64\u5bf9\u8c61\u5728post_tag\u5206\u7c7b\u6cd5\u4e2d\u6307\u5b9a\u7684\u9879\u76ee\u3002","type":"array","items":{"type":"integer"}}}}]},"\/wp\/v2\/posts\/(?P<parent>[\\d]+)\/autosaves\/(?P<id>[\\d]+)":{"namespace":"wp\/v2","methods":["GET"],"endpoints":[{"methods":["GET"],"args":{"parent":{"required":false,"description":"\u5bf9\u8c61\u7684\u7236\u5bf9\u8c61ID\u3002","type":"integer"},"id":{"required":false,"description":"\u5bf9\u8c61ID\u3002","type":"integer"},"context":{"required":false,"default":"view","enum":["view","embed","edit"],"description":"\u8bf7\u6c42\u63d0\u51fa\u7684\u8303\u56f4\uff0c\u7528\u4e8e\u51b3\u5b9a\u56de\u5e94\u5305\u542b\u7684\u5b57\u6bb5\u3002","type":"string"}}}]},"\/wp\/v2\/pages":{"namespace":"wp\/v2","methods":["GET","POST"],"endpoints":[{"methods":["GET"],"args":{"context":{"required":false,"default":"view","enum":["view","embed","edit"],"description":"\u8bf7\u6c42\u63d0\u51fa\u7684\u8303\u56f4\uff0c\u7528\u4e8e\u51b3\u5b9a\u56de\u5e94\u5305\u542b\u7684\u5b57\u6bb5\u3002","type":"string"},"page":{"required":false,"default":1,"description":"\u96c6\u5408\u7684\u5f53\u524d\u9875\u3002","type":"integer"},"per_page":{"required":false,"default":10,"description":"\u7ed3\u679c\u96c6\u5305\u542b\u7684\u6700\u5927\u9879\u76ee\u6570\u91cf\u3002","type":"integer"},"search":{"required":false,"description":"\u5c06\u7ed3\u679c\u9650\u5236\u4e3a\u5339\u914d\u5b57\u7b26\u4e32\u7684\u3002","type":"string"},"after":{"required":false,"description":"\u5c06\u56de\u5e94\u9650\u5236\u5728\u4e00\u4e2a\u7ed9\u5b9a\u7684ISO8601\u517c\u5bb9\u65e5\u671f\u4e4b\u540e\u53d1\u5e03\u7684\u6587\u7ae0\u3002","type":"string"},"author":{"required":false,"default":[],"description":"\u9650\u5236\u7ed3\u679c\u96c6\u4e3a\u6307\u5b9a\u7ed9\u7279\u5b9a\u4f5c\u8005\u7684\u6587\u7ae0\u3002","type":"array","items":{"type":"integer"}},"author_exclude":{"required":false,"default":[],"description":"\u786e\u4fdd\u7ed3\u679c\u96c6\u6392\u9664\u6307\u5b9a\u7ed9\u7279\u5b9a\u4f5c\u8005\u7684\u6587\u7ae0\u3002","type":"array","items":{"type":"integer"}},"before":{"required":false,"description":"\u5c06\u56de\u5e94\u9650\u5236\u5728\u4e00\u4e2a\u7ed9\u5b9a\u7684ISO8601\u517c\u5bb9\u65e5\u671f\u4e4b\u524d\u53d1\u5e03\u7684\u6587\u7ae0\u3002","type":"string"},"exclude":{"required":false,"default":[],"description":"\u786e\u4fdd\u7ed3\u679c\u96c6\u6392\u9664\u6307\u5b9aID\u3002","type":"array","items":{"type":"integer"}},"include":{"required":false,"default":[],"description":"\u5c06\u7ed3\u679c\u96c6\u9650\u5236\u5230\u6307\u5b9aID\u3002","type":"array","items":{"type":"integer"}},"menu_order":{"required":false,"description":"\u9650\u5236\u7ed3\u679c\u96c6\u4e3a\u6709\u7279\u5b9amenu_order\u7684\u6587\u7ae0\u3002","type":"integer"},"offset":{"required":false,"description":"\u5c06\u7ed3\u679c\u96c6\u79fb\u4f4d\u7279\u5b9a\u6570\u91cf\u3002","type":"integer"},"order":{"required":false,"default":"desc","enum":["asc","desc"],"description":"\u8bbe\u7f6e\u6392\u5e8f\u5b57\u6bb5\u5347\u5e8f\u6216\u964d\u5e8f\u3002","type":"string"},"orderby":{"required":false,"default":"date","enum":["author","date","id","include","modified","parent","relevance","slug","include_slugs","title","menu_order"],"description":"\u6309\u5bf9\u8c61\u5c5e\u6027\u6392\u5e8f\u96c6\u5408\u3002","type":"string"},"parent":{"required":false,"default":[],"description":"\u9650\u5236\u7ed3\u679c\u96c6\u4e3a\u4e00\u4e9b\u7279\u5b9a\u7236ID\u7684\u9879\u76ee\u3002","type":"array","items":{"type":"integer"}},"parent_exclude":{"required":false,"default":[],"description":"\u9650\u5236\u7ed3\u679c\u96c6\u4e3a\u6ca1\u6709\u7279\u5b9a\u7236ID\u7684\u6587\u7ae0\u3002","type":"array","items":{"type":"integer"}},"slug":{"required":false,"description":"\u9650\u5236\u7ed3\u679c\u96c6\u4e3a\u6709\u4e00\u4e2a\u6216\u591a\u4e2a\u7279\u5b9a\u522b\u540d\u7684\u6587\u7ae0\u3002","type":"array","items":{"type":"string"}},"status":{"required":false,"default":"publish","description":"\u9650\u5236\u7ed3\u679c\u96c6\u4e3a\u6709\u4e00\u4e2a\u6216\u591a\u4e2a\u72b6\u6001\u7684\u6587\u7ae0\u3002","type":"array","items":{"enum":["publish","future","draft","pending","private","trash","auto-draft","inherit","request-pending","request-confirmed","request-failed","request-completed","any"],"type":"string"}}}},{"methods":["POST"],"args":{"date":{"required":false,"description":"\u5bf9\u8c61\u7684\u53d1\u5e03\u65f6\u95f4\uff0c\u7ad9\u70b9\u65f6\u533a\u3002","type":["string","null"]},"date_gmt":{"required":false,"description":"\u5bf9\u8c61\u7684\u53d1\u5e03\u65f6\u95f4\uff0cGMT\u3002","type":["string","null"]},"slug":{"required":false,"description":"\u5bf9\u8c61\u7c7b\u522b\u800c\u8a00\u7684\u82f1\u6570\u5b57\u6807\u8bc6\u7b26\u3002","type":"string"},"status":{"required":false,"enum":["publish","future","draft","pending","private"],"description":"\u5bf9\u8c61\u7684\u547d\u540d\u72b6\u6001\u3002","type":"string"},"password":{"required":false,"description":"\u7528\u6765\u4fdd\u62a4\u5185\u5bb9\u548c\u6458\u8981\u7684\u5bc6\u7801\u3002","type":"string"},"parent":{"required":false,"description":"\u5bf9\u8c61\u7684\u7236\u5bf9\u8c61ID\u3002","type":"integer"},"title":{"required":false,"description":"\u5bf9\u8c61\u7684\u6807\u9898\u3002","type":"object"},"content":{"required":false,"description":"\u5bf9\u8c61\u7684\u5185\u5bb9\u3002","type":"object"},"author":{"required":false,"description":"\u5bf9\u8c61\u4f5c\u8005\u7684ID\u3002","type":"integer"},"excerpt":{"required":false,"description":"\u5bf9\u8c61\u7684\u6458\u8981\u3002","type":"object"},"featured_media":{"required":false,"description":"\u5bf9\u8c61\u7684\u7279\u8272\u5a92\u4f53ID\u3002","type":"integer"},"comment_status":{"required":false,"enum":["open","closed"],"description":"\u5bf9\u8c61\u662f\u5426\u5f00\u653e\u8bc4\u8bba\u3002","type":"string"},"ping_status":{"required":false,"enum":["open","closed"],"description":"\u5bf9\u8c61\u662f\u5426\u63a5\u53d7ping\u3002","type":"string"},"menu_order":{"required":false,"description":"\u5bf9\u8c61\u76f8\u5bf9\u4e8e\u540c\u7c7b\u578b\u5176\u4ed6\u5bf9\u8c61\u7684\u6392\u5e8f\u3002","type":"integer"},"meta":{"required":false,"description":"\u5143\u5b57\u6bb5\u3002","type":"object"},"template":{"required":false,"description":"\u7528\u6765\u663e\u793a\u6b64\u5bf9\u8c61\u7684\u4e3b\u9898\u6587\u4ef6\u3002","type":"string"}}}],"_links":{"self":[{"href":"http:\/\/www.y66p.com\/index.php?rest_route=\/wp\/v2\/pages"}]}},"\/wp\/v2\/pages\/(?P<id>[\\d]+)":{"namespace":"wp\/v2","methods":["GET","POST","PUT","PATCH","DELETE"],"endpoints":[{"methods":["GET"],"args":{"id":{"required":false,"description":"\u5bf9\u8c61\u7684\u552f\u4e00\u6807\u8bc6\u7b26\u3002","type":"integer"},"context":{"required":false,"default":"view","enum":["view","embed","edit"],"description":"\u8bf7\u6c42\u63d0\u51fa\u7684\u8303\u56f4\uff0c\u7528\u4e8e\u51b3\u5b9a\u56de\u5e94\u5305\u542b\u7684\u5b57\u6bb5\u3002","type":"string"},"password":{"required":false,"description":"\u8be5\u6587\u7ae0\u7684\u5bc6\u7801\uff0c\u5982\u6587\u7ae0\u53d7\u5bc6\u7801\u4fdd\u62a4\u3002","type":"string"}}},{"methods":["POST","PUT","PATCH"],"args":{"id":{"required":false,"description":"\u5bf9\u8c61\u7684\u552f\u4e00\u6807\u8bc6\u7b26\u3002","type":"integer"},"date":{"required":false,"description":"\u5bf9\u8c61\u7684\u53d1\u5e03\u65f6\u95f4\uff0c\u7ad9\u70b9\u65f6\u533a\u3002","type":["string","null"]},"date_gmt":{"required":false,"description":"\u5bf9\u8c61\u7684\u53d1\u5e03\u65f6\u95f4\uff0cGMT\u3002","type":["string","null"]},"slug":{"required":false,"description":"\u5bf9\u8c61\u7c7b\u522b\u800c\u8a00\u7684\u82f1\u6570\u5b57\u6807\u8bc6\u7b26\u3002","type":"string"},"status":{"required":false,"enum":["publish","future","draft","pending","private"],"description":"\u5bf9\u8c61\u7684\u547d\u540d\u72b6\u6001\u3002","type":"string"},"password":{"required":false,"description":"\u7528\u6765\u4fdd\u62a4\u5185\u5bb9\u548c\u6458\u8981\u7684\u5bc6\u7801\u3002","type":"string"},"parent":{"required":false,"description":"\u5bf9\u8c61\u7684\u7236\u5bf9\u8c61ID\u3002","type":"integer"},"title":{"required":false,"description":"\u5bf9\u8c61\u7684\u6807\u9898\u3002","type":"object"},"content":{"required":false,"description":"\u5bf9\u8c61\u7684\u5185\u5bb9\u3002","type":"object"},"author":{"required":false,"description":"\u5bf9\u8c61\u4f5c\u8005\u7684ID\u3002","type":"integer"},"excerpt":{"required":false,"description":"\u5bf9\u8c61\u7684\u6458\u8981\u3002","type":"object"},"featured_media":{"required":false,"description":"\u5bf9\u8c61\u7684\u7279\u8272\u5a92\u4f53ID\u3002","type":"integer"},"comment_status":{"required":false,"enum":["open","closed"],"description":"\u5bf9\u8c61\u662f\u5426\u5f00\u653e\u8bc4\u8bba\u3002","type":"string"},"ping_status":{"required":false,"enum":["open","closed"],"description":"\u5bf9\u8c61\u662f\u5426\u63a5\u53d7ping\u3002","type":"string"},"menu_order":{"required":false,"description":"\u5bf9\u8c61\u76f8\u5bf9\u4e8e\u540c\u7c7b\u578b\u5176\u4ed6\u5bf9\u8c61\u7684\u6392\u5e8f\u3002","type":"integer"},"meta":{"required":false,"description":"\u5143\u5b57\u6bb5\u3002","type":"object"},"template":{"required":false,"description":"\u7528\u6765\u663e\u793a\u6b64\u5bf9\u8c61\u7684\u4e3b\u9898\u6587\u4ef6\u3002","type":"string"}}},{"methods":["DELETE"],"args":{"id":{"required":false,"description":"\u5bf9\u8c61\u7684\u552f\u4e00\u6807\u8bc6\u7b26\u3002","type":"integer"},"force":{"required":false,"default":false,"description":"\u662f\u5426\u7ed5\u8fc7\u56de\u6536\u7ad9\u5e76\u5f3a\u884c\u5220\u9664\u3002","type":"boolean"}}}]},"\/wp\/v2\/pages\/(?P<parent>[\\d]+)\/revisions":{"namespace":"wp\/v2","methods":["GET"],"endpoints":[{"methods":["GET"],"args":{"parent":{"required":false,"description":"\u5bf9\u8c61\u7684\u7236\u5bf9\u8c61ID\u3002","type":"integer"},"context":{"required":false,"default":"view","enum":["view","embed","edit"],"description":"\u8bf7\u6c42\u63d0\u51fa\u7684\u8303\u56f4\uff0c\u7528\u4e8e\u51b3\u5b9a\u56de\u5e94\u5305\u542b\u7684\u5b57\u6bb5\u3002","type":"string"},"page":{"required":false,"default":1,"description":"\u96c6\u5408\u7684\u5f53\u524d\u9875\u3002","type":"integer"},"per_page":{"required":false,"description":"\u7ed3\u679c\u96c6\u5305\u542b\u7684\u6700\u5927\u9879\u76ee\u6570\u91cf\u3002","type":"integer"},"search":{"required":false,"description":"\u5c06\u7ed3\u679c\u9650\u5236\u4e3a\u5339\u914d\u5b57\u7b26\u4e32\u7684\u3002","type":"string"},"exclude":{"required":false,"default":[],"description":"\u786e\u4fdd\u7ed3\u679c\u96c6\u6392\u9664\u6307\u5b9aID\u3002","type":"array","items":{"type":"integer"}},"include":{"required":false,"default":[],"description":"\u5c06\u7ed3\u679c\u96c6\u9650\u5236\u5230\u6307\u5b9aID\u3002","type":"array","items":{"type":"integer"}},"offset":{"required":false,"description":"\u5c06\u7ed3\u679c\u96c6\u79fb\u4f4d\u7279\u5b9a\u6570\u91cf\u3002","type":"integer"},"order":{"required":false,"default":"desc","enum":["asc","desc"],"description":"\u8bbe\u7f6e\u6392\u5e8f\u5b57\u6bb5\u5347\u5e8f\u6216\u964d\u5e8f\u3002","type":"string"},"orderby":{"required":false,"default":"date","enum":["date","id","include","relevance","slug","include_slugs","title"],"description":"\u6309\u5bf9\u8c61\u5c5e\u6027\u6392\u5e8f\u96c6\u5408\u3002","type":"string"}}}]},"\/wp\/v2\/pages\/(?P<parent>[\\d]+)\/revisions\/(?P<id>[\\d]+)":{"namespace":"wp\/v2","methods":["GET","DELETE"],"endpoints":[{"methods":["GET"],"args":{"parent":{"required":false,"description":"\u5bf9\u8c61\u7684\u7236\u5bf9\u8c61ID\u3002","type":"integer"},"id":{"required":false,"description":"\u5bf9\u8c61\u7684\u552f\u4e00\u6807\u8bc6\u7b26\u3002","type":"integer"},"context":{"required":false,"default":"view","enum":["view","embed","edit"],"description":"\u8bf7\u6c42\u63d0\u51fa\u7684\u8303\u56f4\uff0c\u7528\u4e8e\u51b3\u5b9a\u56de\u5e94\u5305\u542b\u7684\u5b57\u6bb5\u3002","type":"string"}}},{"methods":["DELETE"],"args":{"parent":{"required":false,"description":"\u5bf9\u8c61\u7684\u7236\u5bf9\u8c61ID\u3002","type":"integer"},"id":{"required":false,"description":"\u5bf9\u8c61\u7684\u552f\u4e00\u6807\u8bc6\u7b26\u3002","type":"integer"},"force":{"required":false,"default":false,"description":"\u8981\u6c42\u4e3atrue\uff0c\u56e0\u4e3a\u4fee\u8ba2\u7248\u672c\u4e0d\u80fd\u88ab\u79fb\u52a8\u5230\u56de\u6536\u7ad9\u3002","type":"boolean"}}}]},"\/wp\/v2\/pages\/(?P<id>[\\d]+)\/autosaves":{"namespace":"wp\/v2","methods":["GET","POST"],"endpoints":[{"methods":["GET"],"args":{"parent":{"required":false,"description":"\u5bf9\u8c61\u7684\u7236\u5bf9\u8c61ID\u3002","type":"integer"},"context":{"required":false,"default":"view","enum":["view","embed","edit"],"description":"\u8bf7\u6c42\u63d0\u51fa\u7684\u8303\u56f4\uff0c\u7528\u4e8e\u51b3\u5b9a\u56de\u5e94\u5305\u542b\u7684\u5b57\u6bb5\u3002","type":"string"}}},{"methods":["POST"],"args":{"parent":{"required":false,"description":"\u5bf9\u8c61\u7684\u7236\u5bf9\u8c61ID\u3002","type":"integer"},"date":{"required":false,"description":"\u5bf9\u8c61\u7684\u53d1\u5e03\u65f6\u95f4\uff0c\u7ad9\u70b9\u65f6\u533a\u3002","type":["string","null"]},"date_gmt":{"required":false,"description":"\u5bf9\u8c61\u7684\u53d1\u5e03\u65f6\u95f4\uff0cGMT\u3002","type":["string","null"]},"slug":{"required":false,"description":"\u5bf9\u8c61\u7c7b\u522b\u800c\u8a00\u7684\u82f1\u6570\u5b57\u6807\u8bc6\u7b26\u3002","type":"string"},"status":{"required":false,"enum":["publish","future","draft","pending","private"],"description":"\u5bf9\u8c61\u7684\u547d\u540d\u72b6\u6001\u3002","type":"string"},"password":{"required":false,"description":"\u7528\u6765\u4fdd\u62a4\u5185\u5bb9\u548c\u6458\u8981\u7684\u5bc6\u7801\u3002","type":"string"},"title":{"required":false,"description":"\u5bf9\u8c61\u7684\u6807\u9898\u3002","type":"object"},"content":{"required":false,"description":"\u5bf9\u8c61\u7684\u5185\u5bb9\u3002","type":"object"},"author":{"required":false,"description":"\u5bf9\u8c61\u4f5c\u8005\u7684ID\u3002","type":"integer"},"excerpt":{"required":false,"description":"\u5bf9\u8c61\u7684\u6458\u8981\u3002","type":"object"},"featured_media":{"required":false,"description":"\u5bf9\u8c61\u7684\u7279\u8272\u5a92\u4f53ID\u3002","type":"integer"},"comment_status":{"required":false,"enum":["open","closed"],"description":"\u5bf9\u8c61\u662f\u5426\u5f00\u653e\u8bc4\u8bba\u3002","type":"string"},"ping_status":{"required":false,"enum":["open","closed"],"description":"\u5bf9\u8c61\u662f\u5426\u63a5\u53d7ping\u3002","type":"string"},"menu_order":{"required":false,"description":"\u5bf9\u8c61\u76f8\u5bf9\u4e8e\u540c\u7c7b\u578b\u5176\u4ed6\u5bf9\u8c61\u7684\u6392\u5e8f\u3002","type":"integer"},"meta":{"required":false,"description":"\u5143\u5b57\u6bb5\u3002","type":"object"},"template":{"required":false,"description":"\u7528\u6765\u663e\u793a\u6b64\u5bf9\u8c61\u7684\u4e3b\u9898\u6587\u4ef6\u3002","type":"string"}}}]},"\/wp\/v2\/pages\/(?P<parent>[\\d]+)\/autosaves\/(?P<id>[\\d]+)":{"namespace":"wp\/v2","methods":["GET"],"endpoints":[{"methods":["GET"],"args":{"parent":{"required":false,"description":"\u5bf9\u8c61\u7684\u7236\u5bf9\u8c61ID\u3002","type":"integer"},"id":{"required":false,"description":"\u5bf9\u8c61ID\u3002","type":"integer"},"context":{"required":false,"default":"view","enum":["view","embed","edit"],"description":"\u8bf7\u6c42\u63d0\u51fa\u7684\u8303\u56f4\uff0c\u7528\u4e8e\u51b3\u5b9a\u56de\u5e94\u5305\u542b\u7684\u5b57\u6bb5\u3002","type":"string"}}}]},"\/wp\/v2\/media":{"namespace":"wp\/v2","methods":["GET","POST"],"endpoints":[{"methods":["GET"],"args":{"context":{"required":false,"default":"view","enum":["view","embed","edit"],"description":"\u8bf7\u6c42\u63d0\u51fa\u7684\u8303\u56f4\uff0c\u7528\u4e8e\u51b3\u5b9a\u56de\u5e94\u5305\u542b\u7684\u5b57\u6bb5\u3002","type":"string"},"page":{"required":false,"default":1,"description":"\u96c6\u5408\u7684\u5f53\u524d\u9875\u3002","type":"integer"},"per_page":{"required":false,"default":10,"description":"\u7ed3\u679c\u96c6\u5305\u542b\u7684\u6700\u5927\u9879\u76ee\u6570\u91cf\u3002","type":"integer"},"search":{"required":false,"description":"\u5c06\u7ed3\u679c\u9650\u5236\u4e3a\u5339\u914d\u5b57\u7b26\u4e32\u7684\u3002","type":"string"},"after":{"required":false,"description":"\u5c06\u56de\u5e94\u9650\u5236\u5728\u4e00\u4e2a\u7ed9\u5b9a\u7684ISO8601\u517c\u5bb9\u65e5\u671f\u4e4b\u540e\u53d1\u5e03\u7684\u6587\u7ae0\u3002","type":"string"},"author":{"required":false,"default":[],"description":"\u9650\u5236\u7ed3\u679c\u96c6\u4e3a\u6307\u5b9a\u7ed9\u7279\u5b9a\u4f5c\u8005\u7684\u6587\u7ae0\u3002","type":"array","items":{"type":"integer"}},"author_exclude":{"required":false,"default":[],"description":"\u786e\u4fdd\u7ed3\u679c\u96c6\u6392\u9664\u6307\u5b9a\u7ed9\u7279\u5b9a\u4f5c\u8005\u7684\u6587\u7ae0\u3002","type":"array","items":{"type":"integer"}},"before":{"required":false,"description":"\u5c06\u56de\u5e94\u9650\u5236\u5728\u4e00\u4e2a\u7ed9\u5b9a\u7684ISO8601\u517c\u5bb9\u65e5\u671f\u4e4b\u524d\u53d1\u5e03\u7684\u6587\u7ae0\u3002","type":"string"},"exclude":{"required":false,"default":[],"description":"\u786e\u4fdd\u7ed3\u679c\u96c6\u6392\u9664\u6307\u5b9aID\u3002","type":"array","items":{"type":"integer"}},"include":{"required":false,"default":[],"description":"\u5c06\u7ed3\u679c\u96c6\u9650\u5236\u5230\u6307\u5b9aID\u3002","type":"array","items":{"type":"integer"}},"offset":{"required":false,"description":"\u5c06\u7ed3\u679c\u96c6\u79fb\u4f4d\u7279\u5b9a\u6570\u91cf\u3002","type":"integer"},"order":{"required":false,"default":"desc","enum":["asc","desc"],"description":"\u8bbe\u7f6e\u6392\u5e8f\u5b57\u6bb5\u5347\u5e8f\u6216\u964d\u5e8f\u3002","type":"string"},"orderby":{"required":false,"default":"date","enum":["author","date","id","include","modified","parent","relevance","slug","include_slugs","title"],"description":"\u6309\u5bf9\u8c61\u5c5e\u6027\u6392\u5e8f\u96c6\u5408\u3002","type":"string"},"parent":{"required":false,"default":[],"description":"\u9650\u5236\u7ed3\u679c\u96c6\u4e3a\u4e00\u4e9b\u7279\u5b9a\u7236ID\u7684\u9879\u76ee\u3002","type":"array","items":{"type":"integer"}},"parent_exclude":{"required":false,"default":[],"description":"\u9650\u5236\u7ed3\u679c\u96c6\u4e3a\u6ca1\u6709\u7279\u5b9a\u7236ID\u7684\u6587\u7ae0\u3002","type":"array","items":{"type":"integer"}},"slug":{"required":false,"description":"\u9650\u5236\u7ed3\u679c\u96c6\u4e3a\u6709\u4e00\u4e2a\u6216\u591a\u4e2a\u7279\u5b9a\u522b\u540d\u7684\u6587\u7ae0\u3002","type":"array","items":{"type":"string"}},"status":{"required":false,"default":"inherit","description":"\u9650\u5236\u7ed3\u679c\u96c6\u4e3a\u6709\u4e00\u4e2a\u6216\u591a\u4e2a\u72b6\u6001\u7684\u6587\u7ae0\u3002","type":"array","items":{"enum":["inherit","private","trash"],"type":"string"}},"media_type":{"required":false,"enum":["image","video","text","application","audio"],"description":"\u5c06\u7ed3\u679c\u96c6\u9650\u5236\u5230\u67d0\u4e00\u5a92\u4f53\u7c7b\u578b\u7684\u9644\u4ef6\u3002","type":"string"},"mime_type":{"required":false,"description":"\u5c06\u7ed3\u679c\u96c6\u9650\u5236\u5230\u67d0\u4e00MIME\u7c7b\u578b\u7684\u9644\u4ef6\u3002","type":"string"}}},{"methods":["POST"],"args":{"date":{"required":false,"description":"\u5bf9\u8c61\u7684\u53d1\u5e03\u65f6\u95f4\uff0c\u7ad9\u70b9\u65f6\u533a\u3002","type":["string","null"]},"date_gmt":{"required":false,"description":"\u5bf9\u8c61\u7684\u53d1\u5e03\u65f6\u95f4\uff0cGMT\u3002","type":["string","null"]},"slug":{"required":false,"description":"\u5bf9\u8c61\u7c7b\u522b\u800c\u8a00\u7684\u82f1\u6570\u5b57\u6807\u8bc6\u7b26\u3002","type":"string"},"status":{"required":false,"enum":["publish","future","draft","pending","private"],"description":"\u5bf9\u8c61\u7684\u547d\u540d\u72b6\u6001\u3002","type":"string"},"title":{"required":false,"description":"\u5bf9\u8c61\u7684\u6807\u9898\u3002","type":"object"},"author":{"required":false,"description":"\u5bf9\u8c61\u4f5c\u8005\u7684ID\u3002","type":"integer"},"comment_status":{"required":false,"enum":["open","closed"],"description":"\u5bf9\u8c61\u662f\u5426\u5f00\u653e\u8bc4\u8bba\u3002","type":"string"},"ping_status":{"required":false,"enum":["open","closed"],"description":"\u5bf9\u8c61\u662f\u5426\u63a5\u53d7ping\u3002","type":"string"},"meta":{"required":false,"description":"\u5143\u5b57\u6bb5\u3002","type":"object"},"template":{"required":false,"description":"\u7528\u6765\u663e\u793a\u6b64\u5bf9\u8c61\u7684\u4e3b\u9898\u6587\u4ef6\u3002","type":"string"},"alt_text":{"required":false,"description":"\u5728\u9644\u4ef6\u672a\u80fd\u663e\u793a\u65f6\u663e\u793a\u7684\u66ff\u6362\u6587\u672c\u3002","type":"string"},"caption":{"required":false,"description":"\u9644\u4ef6\u8bf4\u660e\u3002","type":"object"},"description":{"required":false,"description":"\u9644\u4ef6\u7684\u63cf\u8ff0\u3002","type":"object"},"post":{"required":false,"description":"\u9644\u4ef6\u6240\u5c5e\u6587\u7ae0\u7684ID\u3002","type":"integer"}}}],"_links":{"self":[{"href":"http:\/\/www.y66p.com\/index.php?rest_route=\/wp\/v2\/media"}]}},"\/wp\/v2\/media\/(?P<id>[\\d]+)":{"namespace":"wp\/v2","methods":["GET","POST","PUT","PATCH","DELETE"],"endpoints":[{"methods":["GET"],"args":{"id":{"required":false,"description":"\u5bf9\u8c61\u7684\u552f\u4e00\u6807\u8bc6\u7b26\u3002","type":"integer"},"context":{"required":false,"default":"view","enum":["view","embed","edit"],"description":"\u8bf7\u6c42\u63d0\u51fa\u7684\u8303\u56f4\uff0c\u7528\u4e8e\u51b3\u5b9a\u56de\u5e94\u5305\u542b\u7684\u5b57\u6bb5\u3002","type":"string"}}},{"methods":["POST","PUT","PATCH"],"args":{"id":{"required":false,"description":"\u5bf9\u8c61\u7684\u552f\u4e00\u6807\u8bc6\u7b26\u3002","type":"integer"},"date":{"required":false,"description":"\u5bf9\u8c61\u7684\u53d1\u5e03\u65f6\u95f4\uff0c\u7ad9\u70b9\u65f6\u533a\u3002","type":["string","null"]},"date_gmt":{"required":false,"description":"\u5bf9\u8c61\u7684\u53d1\u5e03\u65f6\u95f4\uff0cGMT\u3002","type":["string","null"]},"slug":{"required":false,"description":"\u5bf9\u8c61\u7c7b\u522b\u800c\u8a00\u7684\u82f1\u6570\u5b57\u6807\u8bc6\u7b26\u3002","type":"string"},"status":{"required":false,"enum":["publish","future","draft","pending","private"],"description":"\u5bf9\u8c61\u7684\u547d\u540d\u72b6\u6001\u3002","type":"string"},"title":{"required":false,"description":"\u5bf9\u8c61\u7684\u6807\u9898\u3002","type":"object"},"author":{"required":false,"description":"\u5bf9\u8c61\u4f5c\u8005\u7684ID\u3002","type":"integer"},"comment_status":{"required":false,"enum":["open","closed"],"description":"\u5bf9\u8c61\u662f\u5426\u5f00\u653e\u8bc4\u8bba\u3002","type":"string"},"ping_status":{"required":false,"enum":["open","closed"],"description":"\u5bf9\u8c61\u662f\u5426\u63a5\u53d7ping\u3002","type":"string"},"meta":{"required":false,"description":"\u5143\u5b57\u6bb5\u3002","type":"object"},"template":{"required":false,"description":"\u7528\u6765\u663e\u793a\u6b64\u5bf9\u8c61\u7684\u4e3b\u9898\u6587\u4ef6\u3002","type":"string"},"alt_text":{"required":false,"description":"\u5728\u9644\u4ef6\u672a\u80fd\u663e\u793a\u65f6\u663e\u793a\u7684\u66ff\u6362\u6587\u672c\u3002","type":"string"},"caption":{"required":false,"description":"\u9644\u4ef6\u8bf4\u660e\u3002","type":"object"},"description":{"required":false,"description":"\u9644\u4ef6\u7684\u63cf\u8ff0\u3002","type":"object"},"post":{"required":false,"description":"\u9644\u4ef6\u6240\u5c5e\u6587\u7ae0\u7684ID\u3002","type":"integer"}}},{"methods":["DELETE"],"args":{"id":{"required":false,"description":"\u5bf9\u8c61\u7684\u552f\u4e00\u6807\u8bc6\u7b26\u3002","type":"integer"},"force":{"required":false,"default":false,"description":"\u662f\u5426\u7ed5\u8fc7\u56de\u6536\u7ad9\u5e76\u5f3a\u884c\u5220\u9664\u3002","type":"boolean"}}}]},"\/wp\/v2\/media\/(?P<id>[\\d]+)\/post-process":{"namespace":"wp\/v2","methods":["POST"],"endpoints":[{"methods":["POST"],"args":{"id":{"required":false,"description":"\u5bf9\u8c61\u7684\u552f\u4e00\u6807\u8bc6\u7b26\u3002","type":"integer"},"action":{"required":true,"enum":["create-image-subsizes"],"type":"string"}}}]},"\/wp\/v2\/blocks":{"namespace":"wp\/v2","methods":["GET","POST"],"endpoints":[{"methods":["GET"],"args":{"context":{"required":false,"default":"view","enum":["view","embed","edit"],"description":"\u8bf7\u6c42\u63d0\u51fa\u7684\u8303\u56f4\uff0c\u7528\u4e8e\u51b3\u5b9a\u56de\u5e94\u5305\u542b\u7684\u5b57\u6bb5\u3002","type":"string"},"page":{"required":false,"default":1,"description":"\u96c6\u5408\u7684\u5f53\u524d\u9875\u3002","type":"integer"},"per_page":{"required":false,"default":10,"description":"\u7ed3\u679c\u96c6\u5305\u542b\u7684\u6700\u5927\u9879\u76ee\u6570\u91cf\u3002","type":"integer"},"search":{"required":false,"description":"\u5c06\u7ed3\u679c\u9650\u5236\u4e3a\u5339\u914d\u5b57\u7b26\u4e32\u7684\u3002","type":"string"},"after":{"required":false,"description":"\u5c06\u56de\u5e94\u9650\u5236\u5728\u4e00\u4e2a\u7ed9\u5b9a\u7684ISO8601\u517c\u5bb9\u65e5\u671f\u4e4b\u540e\u53d1\u5e03\u7684\u6587\u7ae0\u3002","type":"string"},"before":{"required":false,"description":"\u5c06\u56de\u5e94\u9650\u5236\u5728\u4e00\u4e2a\u7ed9\u5b9a\u7684ISO8601\u517c\u5bb9\u65e5\u671f\u4e4b\u524d\u53d1\u5e03\u7684\u6587\u7ae0\u3002","type":"string"},"exclude":{"required":false,"default":[],"description":"\u786e\u4fdd\u7ed3\u679c\u96c6\u6392\u9664\u6307\u5b9aID\u3002","type":"array","items":{"type":"integer"}},"include":{"required":false,"default":[],"description":"\u5c06\u7ed3\u679c\u96c6\u9650\u5236\u5230\u6307\u5b9aID\u3002","type":"array","items":{"type":"integer"}},"offset":{"required":false,"description":"\u5c06\u7ed3\u679c\u96c6\u79fb\u4f4d\u7279\u5b9a\u6570\u91cf\u3002","type":"integer"},"order":{"required":false,"default":"desc","enum":["asc","desc"],"description":"\u8bbe\u7f6e\u6392\u5e8f\u5b57\u6bb5\u5347\u5e8f\u6216\u964d\u5e8f\u3002","type":"string"},"orderby":{"required":false,"default":"date","enum":["author","date","id","include","modified","parent","relevance","slug","include_slugs","title"],"description":"\u6309\u5bf9\u8c61\u5c5e\u6027\u6392\u5e8f\u96c6\u5408\u3002","type":"string"},"slug":{"required":false,"description":"\u9650\u5236\u7ed3\u679c\u96c6\u4e3a\u6709\u4e00\u4e2a\u6216\u591a\u4e2a\u7279\u5b9a\u522b\u540d\u7684\u6587\u7ae0\u3002","type":"array","items":{"type":"string"}},"status":{"required":false,"default":"publish","description":"\u9650\u5236\u7ed3\u679c\u96c6\u4e3a\u6709\u4e00\u4e2a\u6216\u591a\u4e2a\u72b6\u6001\u7684\u6587\u7ae0\u3002","type":"array","items":{"enum":["publish","future","draft","pending","private","trash","auto-draft","inherit","request-pending","request-confirmed","request-failed","request-completed","any"],"type":"string"}}}},{"methods":["POST"],"args":{"date":{"required":false,"description":"\u5bf9\u8c61\u7684\u53d1\u5e03\u65f6\u95f4\uff0c\u7ad9\u70b9\u65f6\u533a\u3002","type":["string","null"]},"date_gmt":{"required":false,"description":"\u5bf9\u8c61\u7684\u53d1\u5e03\u65f6\u95f4\uff0cGMT\u3002","type":["string","null"]},"slug":{"required":false,"description":"\u5bf9\u8c61\u7c7b\u522b\u800c\u8a00\u7684\u82f1\u6570\u5b57\u6807\u8bc6\u7b26\u3002","type":"string"},"status":{"required":false,"enum":["publish","future","draft","pending","private"],"description":"\u5bf9\u8c61\u7684\u547d\u540d\u72b6\u6001\u3002","type":"string"},"password":{"required":false,"description":"\u7528\u6765\u4fdd\u62a4\u5185\u5bb9\u548c\u6458\u8981\u7684\u5bc6\u7801\u3002","type":"string"},"title":{"required":false,"description":"\u5bf9\u8c61\u7684\u6807\u9898\u3002","type":"object"},"content":{"required":false,"description":"\u5bf9\u8c61\u7684\u5185\u5bb9\u3002","type":"object"},"template":{"required":false,"description":"\u7528\u6765\u663e\u793a\u6b64\u5bf9\u8c61\u7684\u4e3b\u9898\u6587\u4ef6\u3002","type":"string"}}}],"_links":{"self":[{"href":"http:\/\/www.y66p.com\/index.php?rest_route=\/wp\/v2\/blocks"}]}},"\/wp\/v2\/blocks\/(?P<id>[\\d]+)":{"namespace":"wp\/v2","methods":["GET","POST","PUT","PATCH","DELETE"],"endpoints":[{"methods":["GET"],"args":{"id":{"required":false,"description":"\u5bf9\u8c61\u7684\u552f\u4e00\u6807\u8bc6\u7b26\u3002","type":"integer"},"context":{"required":false,"default":"view","enum":["view","embed","edit"],"description":"\u8bf7\u6c42\u63d0\u51fa\u7684\u8303\u56f4\uff0c\u7528\u4e8e\u51b3\u5b9a\u56de\u5e94\u5305\u542b\u7684\u5b57\u6bb5\u3002","type":"string"},"password":{"required":false,"description":"\u8be5\u6587\u7ae0\u7684\u5bc6\u7801\uff0c\u5982\u6587\u7ae0\u53d7\u5bc6\u7801\u4fdd\u62a4\u3002","type":"string"}}},{"methods":["POST","PUT","PATCH"],"args":{"id":{"required":false,"description":"\u5bf9\u8c61\u7684\u552f\u4e00\u6807\u8bc6\u7b26\u3002","type":"integer"},"date":{"required":false,"description":"\u5bf9\u8c61\u7684\u53d1\u5e03\u65f6\u95f4\uff0c\u7ad9\u70b9\u65f6\u533a\u3002","type":["string","null"]},"date_gmt":{"required":false,"description":"\u5bf9\u8c61\u7684\u53d1\u5e03\u65f6\u95f4\uff0cGMT\u3002","type":["string","null"]},"slug":{"required":false,"description":"\u5bf9\u8c61\u7c7b\u522b\u800c\u8a00\u7684\u82f1\u6570\u5b57\u6807\u8bc6\u7b26\u3002","type":"string"},"status":{"required":false,"enum":["publish","future","draft","pending","private"],"description":"\u5bf9\u8c61\u7684\u547d\u540d\u72b6\u6001\u3002","type":"string"},"password":{"required":false,"description":"\u7528\u6765\u4fdd\u62a4\u5185\u5bb9\u548c\u6458\u8981\u7684\u5bc6\u7801\u3002","type":"string"},"title":{"required":false,"description":"\u5bf9\u8c61\u7684\u6807\u9898\u3002","type":"object"},"content":{"required":false,"description":"\u5bf9\u8c61\u7684\u5185\u5bb9\u3002","type":"object"},"template":{"required":false,"description":"\u7528\u6765\u663e\u793a\u6b64\u5bf9\u8c61\u7684\u4e3b\u9898\u6587\u4ef6\u3002","type":"string"}}},{"methods":["DELETE"],"args":{"id":{"required":false,"description":"\u5bf9\u8c61\u7684\u552f\u4e00\u6807\u8bc6\u7b26\u3002","type":"integer"},"force":{"required":false,"default":false,"description":"\u662f\u5426\u7ed5\u8fc7\u56de\u6536\u7ad9\u5e76\u5f3a\u884c\u5220\u9664\u3002","type":"boolean"}}}]},"\/wp\/v2\/blocks\/(?P<id>[\\d]+)\/autosaves":{"namespace":"wp\/v2","methods":["GET","POST"],"endpoints":[{"methods":["GET"],"args":{"parent":{"required":false,"description":"\u5bf9\u8c61\u7684\u7236\u5bf9\u8c61ID\u3002","type":"integer"},"context":{"required":false,"default":"view","enum":["view","embed","edit"],"description":"\u8bf7\u6c42\u63d0\u51fa\u7684\u8303\u56f4\uff0c\u7528\u4e8e\u51b3\u5b9a\u56de\u5e94\u5305\u542b\u7684\u5b57\u6bb5\u3002","type":"string"}}},{"methods":["POST"],"args":{"parent":{"required":false,"description":"\u5bf9\u8c61\u7684\u7236\u5bf9\u8c61ID\u3002","type":"integer"},"date":{"required":false,"description":"\u5bf9\u8c61\u7684\u53d1\u5e03\u65f6\u95f4\uff0c\u7ad9\u70b9\u65f6\u533a\u3002","type":["string","null"]},"date_gmt":{"required":false,"description":"\u5bf9\u8c61\u7684\u53d1\u5e03\u65f6\u95f4\uff0cGMT\u3002","type":["string","null"]},"slug":{"required":false,"description":"\u5bf9\u8c61\u7c7b\u522b\u800c\u8a00\u7684\u82f1\u6570\u5b57\u6807\u8bc6\u7b26\u3002","type":"string"},"status":{"required":false,"enum":["publish","future","draft","pending","private"],"description":"\u5bf9\u8c61\u7684\u547d\u540d\u72b6\u6001\u3002","type":"string"},"password":{"required":false,"description":"\u7528\u6765\u4fdd\u62a4\u5185\u5bb9\u548c\u6458\u8981\u7684\u5bc6\u7801\u3002","type":"string"},"title":{"required":false,"description":"\u5bf9\u8c61\u7684\u6807\u9898\u3002","type":"object"},"content":{"required":false,"description":"\u5bf9\u8c61\u7684\u5185\u5bb9\u3002","type":"object"},"template":{"required":false,"description":"\u7528\u6765\u663e\u793a\u6b64\u5bf9\u8c61\u7684\u4e3b\u9898\u6587\u4ef6\u3002","type":"string"}}}]},"\/wp\/v2\/blocks\/(?P<parent>[\\d]+)\/autosaves\/(?P<id>[\\d]+)":{"namespace":"wp\/v2","methods":["GET"],"endpoints":[{"methods":["GET"],"args":{"parent":{"required":false,"description":"\u5bf9\u8c61\u7684\u7236\u5bf9\u8c61ID\u3002","type":"integer"},"id":{"required":false,"description":"\u5bf9\u8c61ID\u3002","type":"integer"},"context":{"required":false,"default":"view","enum":["view","embed","edit"],"description":"\u8bf7\u6c42\u63d0\u51fa\u7684\u8303\u56f4\uff0c\u7528\u4e8e\u51b3\u5b9a\u56de\u5e94\u5305\u542b\u7684\u5b57\u6bb5\u3002","type":"string"}}}]},"\/wp\/v2\/types":{"namespace":"wp\/v2","methods":["GET"],"endpoints":[{"methods":["GET"],"args":{"context":{"required":false,"default":"view","enum":["view","embed","edit"],"description":"\u8bf7\u6c42\u63d0\u51fa\u7684\u8303\u56f4\uff0c\u7528\u4e8e\u51b3\u5b9a\u56de\u5e94\u5305\u542b\u7684\u5b57\u6bb5\u3002","type":"string"}}}],"_links":{"self":[{"href":"http:\/\/www.y66p.com\/index.php?rest_route=\/wp\/v2\/types"}]}},"\/wp\/v2\/types\/(?P<type>[\\w-]+)":{"namespace":"wp\/v2","methods":["GET"],"endpoints":[{"methods":["GET"],"args":{"type":{"required":false,"description":"\u6587\u7ae0\u7c7b\u522b\u7684\u82f1\u6570\u5b57\u6807\u8bc6\u7b26\u3002","type":"string"},"context":{"required":false,"default":"view","enum":["view","embed","edit"],"description":"\u8bf7\u6c42\u63d0\u51fa\u7684\u8303\u56f4\uff0c\u7528\u4e8e\u51b3\u5b9a\u56de\u5e94\u5305\u542b\u7684\u5b57\u6bb5\u3002","type":"string"}}}]},"\/wp\/v2\/statuses":{"namespace":"wp\/v2","methods":["GET"],"endpoints":[{"methods":["GET"],"args":{"context":{"required":false,"default":"view","enum":["view","embed","edit"],"description":"\u8bf7\u6c42\u63d0\u51fa\u7684\u8303\u56f4\uff0c\u7528\u4e8e\u51b3\u5b9a\u56de\u5e94\u5305\u542b\u7684\u5b57\u6bb5\u3002","type":"string"}}}],"_links":{"self":[{"href":"http:\/\/www.y66p.com\/index.php?rest_route=\/wp\/v2\/statuses"}]}},"\/wp\/v2\/statuses\/(?P<status>[\\w-]+)":{"namespace":"wp\/v2","methods":["GET"],"endpoints":[{"methods":["GET"],"args":{"status":{"required":false,"description":"\u72b6\u6001\u7684\u82f1\u6570\u5b57\u6807\u8bc6\u7b26\u3002","type":"string"},"context":{"required":false,"default":"view","enum":["view","embed","edit"],"description":"\u8bf7\u6c42\u63d0\u51fa\u7684\u8303\u56f4\uff0c\u7528\u4e8e\u51b3\u5b9a\u56de\u5e94\u5305\u542b\u7684\u5b57\u6bb5\u3002","type":"string"}}}]},"\/wp\/v2\/taxonomies":{"namespace":"wp\/v2","methods":["GET"],"endpoints":[{"methods":["GET"],"args":{"context":{"required":false,"default":"view","enum":["view","embed","edit"],"description":"\u8bf7\u6c42\u63d0\u51fa\u7684\u8303\u56f4\uff0c\u7528\u4e8e\u51b3\u5b9a\u56de\u5e94\u5305\u542b\u7684\u5b57\u6bb5\u3002","type":"string"},"type":{"required":false,"description":"\u9650\u5236\u7ed3\u679c\u4e3a\u5173\u8054\u5230\u7279\u5b9a\u6587\u7ae0\u7c7b\u578b\u7684\u5206\u7c7b\u6cd5\u3002","type":"string"}}}],"_links":{"self":[{"href":"http:\/\/www.y66p.com\/index.php?rest_route=\/wp\/v2\/taxonomies"}]}},"\/wp\/v2\/taxonomies\/(?P<taxonomy>[\\w-]+)":{"namespace":"wp\/v2","methods":["GET"],"endpoints":[{"methods":["GET"],"args":{"taxonomy":{"required":false,"description":"\u5206\u7c7b\u6cd5\u7684\u82f1\u6570\u5b57\u6807\u8bc6\u7b26\u3002","type":"string"},"context":{"required":false,"default":"view","enum":["view","embed","edit"],"description":"\u8bf7\u6c42\u63d0\u51fa\u7684\u8303\u56f4\uff0c\u7528\u4e8e\u51b3\u5b9a\u56de\u5e94\u5305\u542b\u7684\u5b57\u6bb5\u3002","type":"string"}}}]},"\/wp\/v2\/categories":{"namespace":"wp\/v2","methods":["GET","POST"],"endpoints":[{"methods":["GET"],"args":{"context":{"required":false,"default":"view","enum":["view","embed","edit"],"description":"\u8bf7\u6c42\u63d0\u51fa\u7684\u8303\u56f4\uff0c\u7528\u4e8e\u51b3\u5b9a\u56de\u5e94\u5305\u542b\u7684\u5b57\u6bb5\u3002","type":"string"},"page":{"required":false,"default":1,"description":"\u96c6\u5408\u7684\u5f53\u524d\u9875\u3002","type":"integer"},"per_page":{"required":false,"default":10,"description":"\u7ed3\u679c\u96c6\u5305\u542b\u7684\u6700\u5927\u9879\u76ee\u6570\u91cf\u3002","type":"integer"},"search":{"required":false,"description":"\u5c06\u7ed3\u679c\u9650\u5236\u4e3a\u5339\u914d\u5b57\u7b26\u4e32\u7684\u3002","type":"string"},"exclude":{"required":false,"default":[],"description":"\u786e\u4fdd\u7ed3\u679c\u96c6\u6392\u9664\u6307\u5b9aID\u3002","type":"array","items":{"type":"integer"}},"include":{"required":false,"default":[],"description":"\u5c06\u7ed3\u679c\u96c6\u9650\u5236\u5230\u6307\u5b9aID\u3002","type":"array","items":{"type":"integer"}},"order":{"required":false,"default":"asc","enum":["asc","desc"],"description":"\u8bbe\u7f6e\u6392\u5e8f\u5b57\u6bb5\u5347\u5e8f\u6216\u964d\u5e8f\u3002","type":"string"},"orderby":{"required":false,"default":"name","enum":["id","include","name","slug","include_slugs","term_group","description","count"],"description":"\u6309\u9879\u76ee\u5c5e\u6027\u6392\u5e8f\u96c6\u5408\u3002","type":"string"},"hide_empty":{"required":false,"default":false,"description":"\u662f\u5426\u9690\u85cf\u672a\u88ab\u6307\u5b9a\u5230\u4efb\u4f55\u6587\u7ae0\u7684\u9879\u76ee\u3002","type":"boolean"},"parent":{"required":false,"description":"\u9650\u5236\u7ed3\u679c\u96c6\u4e3a\u6307\u5b9a\u7ed9\u7279\u5b9a\u7236\u9879\u76ee\u7684\u9879\u76ee\u3002","type":"integer"},"post":{"required":false,"description":"\u9650\u5236\u7ed3\u679c\u96c6\u4e3a\u6307\u5b9a\u7ed9\u7279\u5b9a\u6587\u7ae0\u7684\u9879\u76ee\u3002","type":"integer"},"slug":{"required":false,"description":"\u901a\u8fc7\u8bbe\u7f6e\u4e00\u4e2a\u6216\u591a\u4e2a\u522b\u540d\u6765\u67e5\u8be2\u6307\u5b9a\u6807\u7b7e\u3002","type":"array","items":{"type":"string"}}}},{"methods":["POST"],"args":{"description":{"required":false,"description":"\u9879\u76ee\u7684HTML\u63cf\u8ff0\u3002","type":"string"},"name":{"required":true,"description":"\u9879\u76ee\u7684HTML\u6807\u9898\u3002","type":"string"},"slug":{"required":false,"description":"\u9879\u76ee\u7c7b\u522b\u800c\u8a00\u7684\u82f1\u6570\u5b57\u6807\u8bc6\u7b26\u3002","type":"string"},"parent":{"required":false,"description":"\u7236\u9879\u76eeID\u3002","type":"integer"},"meta":{"required":false,"description":"\u5143\u5b57\u6bb5\u3002","type":"object"}}}],"_links":{"self":[{"href":"http:\/\/www.y66p.com\/index.php?rest_route=\/wp\/v2\/categories"}]}},"\/wp\/v2\/categories\/(?P<id>[\\d]+)":{"namespace":"wp\/v2","methods":["GET","POST","PUT","PATCH","DELETE"],"endpoints":[{"methods":["GET"],"args":{"id":{"required":false,"description":"\u9879\u76ee\u7684\u552f\u4e00\u6807\u8bc6\u7b26\u3002","type":"integer"},"context":{"required":false,"default":"view","enum":["view","embed","edit"],"description":"\u8bf7\u6c42\u63d0\u51fa\u7684\u8303\u56f4\uff0c\u7528\u4e8e\u51b3\u5b9a\u56de\u5e94\u5305\u542b\u7684\u5b57\u6bb5\u3002","type":"string"}}},{"methods":["POST","PUT","PATCH"],"args":{"id":{"required":false,"description":"\u9879\u76ee\u7684\u552f\u4e00\u6807\u8bc6\u7b26\u3002","type":"integer"},"description":{"required":false,"description":"\u9879\u76ee\u7684HTML\u63cf\u8ff0\u3002","type":"string"},"name":{"required":false,"description":"\u9879\u76ee\u7684HTML\u6807\u9898\u3002","type":"string"},"slug":{"required":false,"description":"\u9879\u76ee\u7c7b\u522b\u800c\u8a00\u7684\u82f1\u6570\u5b57\u6807\u8bc6\u7b26\u3002","type":"string"},"parent":{"required":false,"description":"\u7236\u9879\u76eeID\u3002","type":"integer"},"meta":{"required":false,"description":"\u5143\u5b57\u6bb5\u3002","type":"object"}}},{"methods":["DELETE"],"args":{"id":{"required":false,"description":"\u9879\u76ee\u7684\u552f\u4e00\u6807\u8bc6\u7b26\u3002","type":"integer"},"force":{"required":false,"default":false,"description":"\u8981\u6c42\u4e3atrue\uff0c\u56e0\u4e3a\u9879\u76ee\u4e0d\u80fd\u88ab\u79fb\u52a8\u5230\u56de\u6536\u7ad9\u3002","type":"boolean"}}}]},"\/wp\/v2\/tags":{"namespace":"wp\/v2","methods":["GET","POST"],"endpoints":[{"methods":["GET"],"args":{"context":{"required":false,"default":"view","enum":["view","embed","edit"],"description":"\u8bf7\u6c42\u63d0\u51fa\u7684\u8303\u56f4\uff0c\u7528\u4e8e\u51b3\u5b9a\u56de\u5e94\u5305\u542b\u7684\u5b57\u6bb5\u3002","type":"string"},"page":{"required":false,"default":1,"description":"\u96c6\u5408\u7684\u5f53\u524d\u9875\u3002","type":"integer"},"per_page":{"required":false,"default":10,"description":"\u7ed3\u679c\u96c6\u5305\u542b\u7684\u6700\u5927\u9879\u76ee\u6570\u91cf\u3002","type":"integer"},"search":{"required":false,"description":"\u5c06\u7ed3\u679c\u9650\u5236\u4e3a\u5339\u914d\u5b57\u7b26\u4e32\u7684\u3002","type":"string"},"exclude":{"required":false,"default":[],"description":"\u786e\u4fdd\u7ed3\u679c\u96c6\u6392\u9664\u6307\u5b9aID\u3002","type":"array","items":{"type":"integer"}},"include":{"required":false,"default":[],"description":"\u5c06\u7ed3\u679c\u96c6\u9650\u5236\u5230\u6307\u5b9aID\u3002","type":"array","items":{"type":"integer"}},"offset":{"required":false,"description":"\u5c06\u7ed3\u679c\u96c6\u79fb\u4f4d\u7279\u5b9a\u6570\u91cf\u3002","type":"integer"},"order":{"required":false,"default":"asc","enum":["asc","desc"],"description":"\u8bbe\u7f6e\u6392\u5e8f\u5b57\u6bb5\u5347\u5e8f\u6216\u964d\u5e8f\u3002","type":"string"},"orderby":{"required":false,"default":"name","enum":["id","include","name","slug","include_slugs","term_group","description","count"],"description":"\u6309\u9879\u76ee\u5c5e\u6027\u6392\u5e8f\u96c6\u5408\u3002","type":"string"},"hide_empty":{"required":false,"default":false,"description":"\u662f\u5426\u9690\u85cf\u672a\u88ab\u6307\u5b9a\u5230\u4efb\u4f55\u6587\u7ae0\u7684\u9879\u76ee\u3002","type":"boolean"},"post":{"required":false,"description":"\u9650\u5236\u7ed3\u679c\u96c6\u4e3a\u6307\u5b9a\u7ed9\u7279\u5b9a\u6587\u7ae0\u7684\u9879\u76ee\u3002","type":"integer"},"slug":{"required":false,"description":"\u901a\u8fc7\u8bbe\u7f6e\u4e00\u4e2a\u6216\u591a\u4e2a\u522b\u540d\u6765\u67e5\u8be2\u6307\u5b9a\u6807\u7b7e\u3002","type":"array","items":{"type":"string"}}}},{"methods":["POST"],"args":{"description":{"required":false,"description":"\u9879\u76ee\u7684HTML\u63cf\u8ff0\u3002","type":"string"},"name":{"required":true,"description":"\u9879\u76ee\u7684HTML\u6807\u9898\u3002","type":"string"},"slug":{"required":false,"description":"\u9879\u76ee\u7c7b\u522b\u800c\u8a00\u7684\u82f1\u6570\u5b57\u6807\u8bc6\u7b26\u3002","type":"string"},"meta":{"required":false,"description":"\u5143\u5b57\u6bb5\u3002","type":"object"}}}],"_links":{"self":[{"href":"http:\/\/www.y66p.com\/index.php?rest_route=\/wp\/v2\/tags"}]}},"\/wp\/v2\/tags\/(?P<id>[\\d]+)":{"namespace":"wp\/v2","methods":["GET","POST","PUT","PATCH","DELETE"],"endpoints":[{"methods":["GET"],"args":{"id":{"required":false,"description":"\u9879\u76ee\u7684\u552f\u4e00\u6807\u8bc6\u7b26\u3002","type":"integer"},"context":{"required":false,"default":"view","enum":["view","embed","edit"],"description":"\u8bf7\u6c42\u63d0\u51fa\u7684\u8303\u56f4\uff0c\u7528\u4e8e\u51b3\u5b9a\u56de\u5e94\u5305\u542b\u7684\u5b57\u6bb5\u3002","type":"string"}}},{"methods":["POST","PUT","PATCH"],"args":{"id":{"required":false,"description":"\u9879\u76ee\u7684\u552f\u4e00\u6807\u8bc6\u7b26\u3002","type":"integer"},"description":{"required":false,"description":"\u9879\u76ee\u7684HTML\u63cf\u8ff0\u3002","type":"string"},"name":{"required":false,"description":"\u9879\u76ee\u7684HTML\u6807\u9898\u3002","type":"string"},"slug":{"required":false,"description":"\u9879\u76ee\u7c7b\u522b\u800c\u8a00\u7684\u82f1\u6570\u5b57\u6807\u8bc6\u7b26\u3002","type":"string"},"meta":{"required":false,"description":"\u5143\u5b57\u6bb5\u3002","type":"object"}}},{"methods":["DELETE"],"args":{"id":{"required":false,"description":"\u9879\u76ee\u7684\u552f\u4e00\u6807\u8bc6\u7b26\u3002","type":"integer"},"force":{"required":false,"default":false,"description":"\u8981\u6c42\u4e3atrue\uff0c\u56e0\u4e3a\u9879\u76ee\u4e0d\u80fd\u88ab\u79fb\u52a8\u5230\u56de\u6536\u7ad9\u3002","type":"boolean"}}}]},"\/wp\/v2\/users":{"namespace":"wp\/v2","methods":["GET","POST"],"endpoints":[{"methods":["GET"],"args":{"context":{"required":false,"default":"view","enum":["view","embed","edit"],"description":"\u8bf7\u6c42\u63d0\u51fa\u7684\u8303\u56f4\uff0c\u7528\u4e8e\u51b3\u5b9a\u56de\u5e94\u5305\u542b\u7684\u5b57\u6bb5\u3002","type":"string"},"page":{"required":false,"default":1,"description":"\u96c6\u5408\u7684\u5f53\u524d\u9875\u3002","type":"integer"},"per_page":{"required":false,"default":10,"description":"\u7ed3\u679c\u96c6\u5305\u542b\u7684\u6700\u5927\u9879\u76ee\u6570\u91cf\u3002","type":"integer"},"search":{"required":false,"description":"\u5c06\u7ed3\u679c\u9650\u5236\u4e3a\u5339\u914d\u5b57\u7b26\u4e32\u7684\u3002","type":"string"},"exclude":{"required":false,"default":[],"description":"\u786e\u4fdd\u7ed3\u679c\u96c6\u6392\u9664\u6307\u5b9aID\u3002","type":"array","items":{"type":"integer"}},"include":{"required":false,"default":[],"description":"\u5c06\u7ed3\u679c\u96c6\u9650\u5236\u5230\u6307\u5b9aID\u3002","type":"array","items":{"type":"integer"}},"offset":{"required":false,"description":"\u5c06\u7ed3\u679c\u96c6\u79fb\u4f4d\u7279\u5b9a\u6570\u91cf\u3002","type":"integer"},"order":{"required":false,"default":"asc","enum":["asc","desc"],"description":"\u8bbe\u7f6e\u6392\u5e8f\u5b57\u6bb5\u5347\u5e8f\u6216\u964d\u5e8f\u3002","type":"string"},"orderby":{"required":false,"default":"name","enum":["id","include","name","registered_date","slug","include_slugs","email","url"],"description":"\u6309\u5bf9\u8c61\u5c5e\u6027\u6392\u5e8f\u96c6\u5408\u3002","type":"string"},"slug":{"required":false,"description":"\u901a\u8fc7\u4e00\u4e2a\u6216\u591a\u4e2a\u522b\u540d\u6765\u7b5b\u9009\u7528\u6237\u3002","type":"array","items":{"type":"string"}},"roles":{"required":false,"description":"\u9650\u5236\u7ed3\u679c\u96c6\u4e3a\u5339\u914d\u81f3\u5c11\u4e00\u4e2a\u89d2\u8272\u7684\u7528\u6237\uff0c\u63a5\u53d7csv\u5217\u8868\u6216\u5355\u4e2a\u89d2\u8272\u3002","type":"array","items":{"type":"string"}},"who":{"required":false,"enum":["authors"],"description":"\u5c06\u7528\u6237\u7ed3\u679c\u9650\u5236\u4e3a\u6240\u6709\u4f5c\u8005\u3002","type":"string"}}},{"methods":["POST"],"args":{"username":{"required":true,"description":"\u7528\u6237\u7684\u767b\u5f55\u540d\u3002","type":"string"},"name":{"required":false,"description":"\u7528\u6237\u7684\u663e\u793a\u540d\u3002","type":"string"},"first_name":{"required":false,"description":"\u7528\u6237\u7684\u540d\u3002","type":"string"},"last_name":{"required":false,"description":"\u7528\u6237\u7684\u59d3\u3002","type":"string"},"email":{"required":true,"description":"\u7528\u6237\u7684\u7535\u5b50\u90ae\u4ef6\u5730\u5740\u3002","type":"string"},"url":{"required":false,"description":"\u7528\u6237\u7684URL\u3002","type":"string"},"description":{"required":false,"description":"\u7528\u6237\u7684\u63cf\u8ff0\u3002","type":"string"},"locale":{"required":false,"enum":["","en_US","zh_CN"],"description":"\u7528\u6237\u7684\u8bed\u8a00\u73af\u5883\u3002","type":"string"},"nickname":{"required":false,"description":"\u7528\u6237\u7684\u6635\u79f0\u3002","type":"string"},"slug":{"required":false,"description":"\u7528\u6237\u7684\u82f1\u6570\u5b57\u6807\u8bc6\u7b26\u3002","type":"string"},"roles":{"required":false,"description":"\u7528\u6237\u88ab\u8d4b\u4e88\u7684\u89d2\u8272\u3002","type":"array","items":{"type":"string"}},"password":{"required":true,"description":"\u7528\u6237\u7684\u5bc6\u7801\uff08\u4ece\u4e0d\u88ab\u5305\u542b\uff09\u3002","type":"string"},"meta":{"required":false,"description":"\u5143\u5b57\u6bb5\u3002","type":"object"}}}],"_links":{"self":[{"href":"http:\/\/www.y66p.com\/index.php?rest_route=\/wp\/v2\/users"}]}},"\/wp\/v2\/users\/(?P<id>[\\d]+)":{"namespace":"wp\/v2","methods":["GET","POST","PUT","PATCH","DELETE"],"endpoints":[{"methods":["GET"],"args":{"id":{"required":false,"description":"\u7528\u6237\u7684\u552f\u4e00\u6807\u8bc6\u7b26\u3002","type":"integer"},"context":{"required":false,"default":"view","enum":["view","embed","edit"],"description":"\u8bf7\u6c42\u63d0\u51fa\u7684\u8303\u56f4\uff0c\u7528\u4e8e\u51b3\u5b9a\u56de\u5e94\u5305\u542b\u7684\u5b57\u6bb5\u3002","type":"string"}}},{"methods":["POST","PUT","PATCH"],"args":{"id":{"required":false,"description":"\u7528\u6237\u7684\u552f\u4e00\u6807\u8bc6\u7b26\u3002","type":"integer"},"username":{"required":false,"description":"\u7528\u6237\u7684\u767b\u5f55\u540d\u3002","type":"string"},"name":{"required":false,"description":"\u7528\u6237\u7684\u663e\u793a\u540d\u3002","type":"string"},"first_name":{"required":false,"description":"\u7528\u6237\u7684\u540d\u3002","type":"string"},"last_name":{"required":false,"description":"\u7528\u6237\u7684\u59d3\u3002","type":"string"},"email":{"required":false,"description":"\u7528\u6237\u7684\u7535\u5b50\u90ae\u4ef6\u5730\u5740\u3002","type":"string"},"url":{"required":false,"description":"\u7528\u6237\u7684URL\u3002","type":"string"},"description":{"required":false,"description":"\u7528\u6237\u7684\u63cf\u8ff0\u3002","type":"string"},"locale":{"required":false,"enum":["","en_US","zh_CN"],"description":"\u7528\u6237\u7684\u8bed\u8a00\u73af\u5883\u3002","type":"string"},"nickname":{"required":false,"description":"\u7528\u6237\u7684\u6635\u79f0\u3002","type":"string"},"slug":{"required":false,"description":"\u7528\u6237\u7684\u82f1\u6570\u5b57\u6807\u8bc6\u7b26\u3002","type":"string"},"roles":{"required":false,"description":"\u7528\u6237\u88ab\u8d4b\u4e88\u7684\u89d2\u8272\u3002","type":"array","items":{"type":"string"}},"password":{"required":false,"description":"\u7528\u6237\u7684\u5bc6\u7801\uff08\u4ece\u4e0d\u88ab\u5305\u542b\uff09\u3002","type":"string"},"meta":{"required":false,"description":"\u5143\u5b57\u6bb5\u3002","type":"object"}}},{"methods":["DELETE"],"args":{"id":{"required":false,"description":"\u7528\u6237\u7684\u552f\u4e00\u6807\u8bc6\u7b26\u3002","type":"integer"},"force":{"required":false,"default":false,"description":"\u8981\u6c42\u4e3atrue\uff0c\u56e0\u4e3a\u7528\u6237\u4e0d\u80fd\u88ab\u79fb\u52a8\u5230\u56de\u6536\u7ad9\u3002","type":"boolean"},"reassign":{"required":true,"description":"\u5c06\u88ab\u5220\u9664\u7528\u6237\u7684\u6587\u7ae0\u548c\u94fe\u63a5\u91cd\u65b0\u6307\u5b9a\u5230\u6b64\u7528\u6237ID\u3002","type":"integer"}}}]},"\/wp\/v2\/users\/me":{"namespace":"wp\/v2","methods":["GET","POST","PUT","PATCH","DELETE"],"endpoints":[{"methods":["GET"],"args":{"context":{"required":false,"default":"view","enum":["view","embed","edit"],"description":"\u8bf7\u6c42\u63d0\u51fa\u7684\u8303\u56f4\uff0c\u7528\u4e8e\u51b3\u5b9a\u56de\u5e94\u5305\u542b\u7684\u5b57\u6bb5\u3002","type":"string"}}},{"methods":["POST","PUT","PATCH"],"args":{"username":{"required":false,"description":"\u7528\u6237\u7684\u767b\u5f55\u540d\u3002","type":"string"},"name":{"required":false,"description":"\u7528\u6237\u7684\u663e\u793a\u540d\u3002","type":"string"},"first_name":{"required":false,"description":"\u7528\u6237\u7684\u540d\u3002","type":"string"},"last_name":{"required":false,"description":"\u7528\u6237\u7684\u59d3\u3002","type":"string"},"email":{"required":false,"description":"\u7528\u6237\u7684\u7535\u5b50\u90ae\u4ef6\u5730\u5740\u3002","type":"string"},"url":{"required":false,"description":"\u7528\u6237\u7684URL\u3002","type":"string"},"description":{"required":false,"description":"\u7528\u6237\u7684\u63cf\u8ff0\u3002","type":"string"},"locale":{"required":false,"enum":["","en_US","zh_CN"],"description":"\u7528\u6237\u7684\u8bed\u8a00\u73af\u5883\u3002","type":"string"},"nickname":{"required":false,"description":"\u7528\u6237\u7684\u6635\u79f0\u3002","type":"string"},"slug":{"required":false,"description":"\u7528\u6237\u7684\u82f1\u6570\u5b57\u6807\u8bc6\u7b26\u3002","type":"string"},"roles":{"required":false,"description":"\u7528\u6237\u88ab\u8d4b\u4e88\u7684\u89d2\u8272\u3002","type":"array","items":{"type":"string"}},"password":{"required":false,"description":"\u7528\u6237\u7684\u5bc6\u7801\uff08\u4ece\u4e0d\u88ab\u5305\u542b\uff09\u3002","type":"string"},"meta":{"required":false,"description":"\u5143\u5b57\u6bb5\u3002","type":"object"}}},{"methods":["DELETE"],"args":{"force":{"required":false,"default":false,"description":"\u8981\u6c42\u4e3atrue\uff0c\u56e0\u4e3a\u7528\u6237\u4e0d\u80fd\u88ab\u79fb\u52a8\u5230\u56de\u6536\u7ad9\u3002","type":"boolean"},"reassign":{"required":true,"description":"\u5c06\u88ab\u5220\u9664\u7528\u6237\u7684\u6587\u7ae0\u548c\u94fe\u63a5\u91cd\u65b0\u6307\u5b9a\u5230\u6b64\u7528\u6237ID\u3002","type":"integer"}}}],"_links":{"self":[{"href":"http:\/\/www.y66p.com\/index.php?rest_route=\/wp\/v2\/users\/me"}]}},"\/wp\/v2\/comments":{"namespace":"wp\/v2","methods":["GET","POST"],"endpoints":[{"methods":["GET"],"args":{"context":{"required":false,"default":"view","enum":["view","embed","edit"],"description":"\u8bf7\u6c42\u63d0\u51fa\u7684\u8303\u56f4\uff0c\u7528\u4e8e\u51b3\u5b9a\u56de\u5e94\u5305\u542b\u7684\u5b57\u6bb5\u3002","type":"string"},"page":{"required":false,"default":1,"description":"\u96c6\u5408\u7684\u5f53\u524d\u9875\u3002","type":"integer"},"per_page":{"required":false,"default":10,"description":"\u7ed3\u679c\u96c6\u5305\u542b\u7684\u6700\u5927\u9879\u76ee\u6570\u91cf\u3002","type":"integer"},"search":{"required":false,"description":"\u5c06\u7ed3\u679c\u9650\u5236\u4e3a\u5339\u914d\u5b57\u7b26\u4e32\u7684\u3002","type":"string"},"after":{"required":false,"description":"\u5c06\u56de\u5e94\u9650\u5236\u5728\u4e00\u4e2a\u7ed9\u5b9a\u7684ISO8601\u517c\u5bb9\u65e5\u671f\u4e4b\u540e\u53d1\u5e03\u7684\u8bc4\u8bba\u3002","type":"string"},"author":{"required":false,"description":"\u5c06\u7ed3\u679c\u96c6\u9650\u5236\u5728\u6307\u5b9a\u7ed9\u7279\u5b9a\u7528\u6237ID\u7684\u8bc4\u8bba\uff0c\u9700\u8981\u6388\u6743\u3002","type":"array","items":{"type":"integer"}},"author_exclude":{"required":false,"description":"\u786e\u4fdd\u7ed3\u679c\u96c6\u6392\u9664\u6307\u5b9a\u7ed9\u7279\u5b9a\u7528\u6237ID\u7684\u8bc4\u8bba\uff0c\u9700\u8981\u6388\u6743\u3002","type":"array","items":{"type":"integer"}},"author_email":{"required":false,"description":"\u5c06\u7ed3\u679c\u96c6\u9650\u5236\u4e3a\u6307\u5b9a\u4f5c\u8005\u7535\u5b50\u90ae\u4ef6\u5730\u5740\uff0c\u9700\u8981\u6388\u6743\u3002","type":"string"},"before":{"required":false,"description":"\u5c06\u56de\u5e94\u9650\u5236\u5728\u4e00\u4e2a\u7ed9\u5b9a\u7684ISO8601\u517c\u5bb9\u65e5\u671f\u4e4b\u524d\u53d1\u5e03\u7684\u8bc4\u8bba\u3002","type":"string"},"exclude":{"required":false,"default":[],"description":"\u786e\u4fdd\u7ed3\u679c\u96c6\u6392\u9664\u6307\u5b9aID\u3002","type":"array","items":{"type":"integer"}},"include":{"required":false,"default":[],"description":"\u5c06\u7ed3\u679c\u96c6\u9650\u5236\u5230\u6307\u5b9aID\u3002","type":"array","items":{"type":"integer"}},"offset":{"required":false,"description":"\u5c06\u7ed3\u679c\u96c6\u79fb\u4f4d\u7279\u5b9a\u6570\u91cf\u3002","type":"integer"},"order":{"required":false,"default":"desc","enum":["asc","desc"],"description":"\u8bbe\u7f6e\u6392\u5e8f\u5b57\u6bb5\u5347\u5e8f\u6216\u964d\u5e8f\u3002","type":"string"},"orderby":{"required":false,"default":"date_gmt","enum":["date","date_gmt","id","include","post","parent","type"],"description":"\u6309\u5bf9\u8c61\u5c5e\u6027\u6392\u5e8f\u96c6\u5408\u3002","type":"string"},"parent":{"required":false,"default":[],"description":"\u5c06\u7ed3\u679c\u96c6\u9650\u5236\u4e3a\u6307\u5b9a\u7236ID\u7684\u8bc4\u8bba\u3002","type":"array","items":{"type":"integer"}},"parent_exclude":{"required":false,"default":[],"description":"\u786e\u4fdd\u7ed3\u679c\u96c6\u6392\u9664\u6307\u5b9a\u7236ID\u7684\u8bc4\u8bba\u3002","type":"array","items":{"type":"integer"}},"post":{"required":false,"default":[],"description":"\u5c06\u7ed3\u679c\u96c6\u9650\u5236\u4e3a\u5173\u8054\u5230\u6307\u5b9a\u6587\u7ae0ID\u7684\u8bc4\u8bba\u3002","type":"array","items":{"type":"integer"}},"status":{"required":false,"default":"approve","description":"\u5c06\u7ed3\u679c\u96c6\u9650\u5236\u4e3a\u8bbe\u7f6e\u7279\u5b9a\u72b6\u6001\u7684\u8bc4\u8bba\uff0c\u9700\u8981\u6388\u6743\u3002","type":"string"},"type":{"required":false,"default":"comment","description":"\u5c06\u7ed3\u679c\u96c6\u9650\u5236\u4e3a\u8bbe\u7f6e\u7279\u5b9a\u7c7b\u578b\u7684\u8bc4\u8bba\uff0c\u9700\u8981\u6388\u6743\u3002","type":"string"},"password":{"required":false,"description":"\u8be5\u6587\u7ae0\u7684\u5bc6\u7801\uff0c\u5982\u6587\u7ae0\u53d7\u5bc6\u7801\u4fdd\u62a4\u3002","type":"string"}}},{"methods":["POST"],"args":{"author":{"required":false,"description":"\u7528\u6237\u5bf9\u8c61\u7684ID\uff0c\u5982\u679c\u4f5c\u8005\u662f\u7528\u6237\u3002","type":"integer"},"author_email":{"required":false,"description":"\u5bf9\u8c61\u4f5c\u8005\u7684\u7535\u5b50\u90ae\u4ef6\u5730\u5740\u3002","type":"string"},"author_ip":{"required":false,"description":"\u5bf9\u8c61\u4f5c\u8005\u7684IP\u5730\u5740\u3002","type":"string"},"author_name":{"required":false,"description":"\u5bf9\u8c61\u4f5c\u8005\u7684\u663e\u793a\u540d\u3002","type":"string"},"author_url":{"required":false,"description":"\u5bf9\u8c61\u4f5c\u8005\u7684URL\u3002","type":"string"},"author_user_agent":{"required":false,"description":"\u5bf9\u8c61\u4f5c\u8005\u7684\u7528\u6237\u4ee3\u7406\u3002","type":"string"},"content":{"required":false,"description":"\u5bf9\u8c61\u7684\u5185\u5bb9\u3002","type":"object"},"date":{"required":false,"description":"\u5bf9\u8c61\u7684\u53d1\u5e03\u65f6\u95f4\uff0c\u7ad9\u70b9\u65f6\u533a\u3002","type":"string"},"date_gmt":{"required":false,"description":"\u5bf9\u8c61\u7684\u53d1\u5e03\u65f6\u95f4\uff0cGMT\u3002","type":"string"},"parent":{"required":false,"default":0,"description":"\u5bf9\u8c61\u7684\u7236\u5bf9\u8c61ID\u3002","type":"integer"},"post":{"required":false,"default":0,"description":"\u5173\u8054\u6587\u7ae0\u5bf9\u8c61\u7684ID\u3002","type":"integer"},"status":{"required":false,"description":"\u5bf9\u8c61\u7684\u72b6\u6001\u3002","type":"string"},"meta":{"required":false,"description":"\u5143\u5b57\u6bb5\u3002","type":"object"}}}],"_links":{"self":[{"href":"http:\/\/www.y66p.com\/index.php?rest_route=\/wp\/v2\/comments"}]}},"\/wp\/v2\/comments\/(?P<id>[\\d]+)":{"namespace":"wp\/v2","methods":["GET","POST","PUT","PATCH","DELETE"],"endpoints":[{"methods":["GET"],"args":{"id":{"required":false,"description":"\u5bf9\u8c61\u7684\u552f\u4e00\u6807\u8bc6\u7b26\u3002","type":"integer"},"context":{"required":false,"default":"view","enum":["view","embed","edit"],"description":"\u8bf7\u6c42\u63d0\u51fa\u7684\u8303\u56f4\uff0c\u7528\u4e8e\u51b3\u5b9a\u56de\u5e94\u5305\u542b\u7684\u5b57\u6bb5\u3002","type":"string"},"password":{"required":false,"description":"\u8bc4\u8bba\u6240\u5c5e\u6587\u7ae0\u7684\u5bc6\u7801\uff08\u5982\u679c\u8be5\u6587\u7ae0\u88ab\u5bc6\u7801\u4fdd\u62a4\uff09\u3002","type":"string"}}},{"methods":["POST","PUT","PATCH"],"args":{"id":{"required":false,"description":"\u5bf9\u8c61\u7684\u552f\u4e00\u6807\u8bc6\u7b26\u3002","type":"integer"},"author":{"required":false,"description":"\u7528\u6237\u5bf9\u8c61\u7684ID\uff0c\u5982\u679c\u4f5c\u8005\u662f\u7528\u6237\u3002","type":"integer"},"author_email":{"required":false,"description":"\u5bf9\u8c61\u4f5c\u8005\u7684\u7535\u5b50\u90ae\u4ef6\u5730\u5740\u3002","type":"string"},"author_ip":{"required":false,"description":"\u5bf9\u8c61\u4f5c\u8005\u7684IP\u5730\u5740\u3002","type":"string"},"author_name":{"required":false,"description":"\u5bf9\u8c61\u4f5c\u8005\u7684\u663e\u793a\u540d\u3002","type":"string"},"author_url":{"required":false,"description":"\u5bf9\u8c61\u4f5c\u8005\u7684URL\u3002","type":"string"},"author_user_agent":{"required":false,"description":"\u5bf9\u8c61\u4f5c\u8005\u7684\u7528\u6237\u4ee3\u7406\u3002","type":"string"},"content":{"required":false,"description":"\u5bf9\u8c61\u7684\u5185\u5bb9\u3002","type":"object"},"date":{"required":false,"description":"\u5bf9\u8c61\u7684\u53d1\u5e03\u65f6\u95f4\uff0c\u7ad9\u70b9\u65f6\u533a\u3002","type":"string"},"date_gmt":{"required":false,"description":"\u5bf9\u8c61\u7684\u53d1\u5e03\u65f6\u95f4\uff0cGMT\u3002","type":"string"},"parent":{"required":false,"description":"\u5bf9\u8c61\u7684\u7236\u5bf9\u8c61ID\u3002","type":"integer"},"post":{"required":false,"description":"\u5173\u8054\u6587\u7ae0\u5bf9\u8c61\u7684ID\u3002","type":"integer"},"status":{"required":false,"description":"\u5bf9\u8c61\u7684\u72b6\u6001\u3002","type":"string"},"meta":{"required":false,"description":"\u5143\u5b57\u6bb5\u3002","type":"object"}}},{"methods":["DELETE"],"args":{"id":{"required":false,"description":"\u5bf9\u8c61\u7684\u552f\u4e00\u6807\u8bc6\u7b26\u3002","type":"integer"},"force":{"required":false,"default":false,"description":"\u662f\u5426\u7ed5\u8fc7\u56de\u6536\u7ad9\u5e76\u5f3a\u884c\u5220\u9664\u3002","type":"boolean"},"password":{"required":false,"description":"\u8bc4\u8bba\u6240\u5c5e\u6587\u7ae0\u7684\u5bc6\u7801\uff08\u5982\u679c\u8be5\u6587\u7ae0\u88ab\u5bc6\u7801\u4fdd\u62a4\uff09\u3002","type":"string"}}}]},"\/wp\/v2\/search":{"namespace":"wp\/v2","methods":["GET"],"endpoints":[{"methods":["GET"],"args":{"context":{"required":false,"default":"view","enum":["view","embed"],"description":"\u8bf7\u6c42\u63d0\u51fa\u7684\u8303\u56f4\uff0c\u7528\u4e8e\u51b3\u5b9a\u56de\u5e94\u5305\u542b\u7684\u5b57\u6bb5\u3002","type":"string"},"page":{"required":false,"default":1,"description":"\u96c6\u5408\u7684\u5f53\u524d\u9875\u3002","type":"integer"},"per_page":{"required":false,"default":10,"description":"\u7ed3\u679c\u96c6\u5305\u542b\u7684\u6700\u5927\u9879\u76ee\u6570\u91cf\u3002","type":"integer"},"search":{"required":false,"description":"\u5c06\u7ed3\u679c\u9650\u5236\u4e3a\u5339\u914d\u5b57\u7b26\u4e32\u7684\u3002","type":"string"},"type":{"required":false,"default":"post","enum":["post"],"description":"\u9650\u5236\u7ed3\u679c\u4e3a\u4e00\u79cd\u5bf9\u8c61\u7c7b\u578b\u3002","type":"string"},"subtype":{"required":false,"default":"any","description":"\u9650\u5236\u7ed3\u679c\u4e3a\u4e00\u79cd\u6216\u591a\u79cd\u5bf9\u8c61\u5b50\u7c7b\u578b\u3002","type":"array","items":{"enum":["post","page","any"],"type":"string"}}}}],"_links":{"self":[{"href":"http:\/\/www.y66p.com\/index.php?rest_route=\/wp\/v2\/search"}]}},"\/wp\/v2\/block-renderer\/(?P<name>core\/archives)":{"namespace":"wp\/v2","methods":["GET"],"endpoints":[{"methods":["GET"],"args":{"name":{"required":false,"description":"\u6b64\u533a\u5757\u7684\u552f\u4e00\u6ce8\u518c\u540d\u3002","type":"string"},"context":{"required":false,"default":"view","enum":["edit"],"description":"\u8bf7\u6c42\u63d0\u51fa\u7684\u8303\u56f4\uff0c\u7528\u4e8e\u51b3\u5b9a\u56de\u5e94\u5305\u542b\u7684\u5b57\u6bb5\u3002","type":"string"},"attributes":{"required":false,"default":[],"description":"core\/archives\u533a\u5757\u7684\u5c5e\u6027","type":"object"},"post_id":{"required":false,"description":"\u6587\u7ae0\u4e0a\u4e0b\u6587\u7684ID\u3002","type":"integer"}}}]},"\/wp\/v2\/block-renderer\/(?P<name>core\/block)":{"namespace":"wp\/v2","methods":["GET"],"endpoints":[{"methods":["GET"],"args":{"name":{"required":false,"description":"\u6b64\u533a\u5757\u7684\u552f\u4e00\u6ce8\u518c\u540d\u3002","type":"string"},"context":{"required":false,"default":"view","enum":["edit"],"description":"\u8bf7\u6c42\u63d0\u51fa\u7684\u8303\u56f4\uff0c\u7528\u4e8e\u51b3\u5b9a\u56de\u5e94\u5305\u542b\u7684\u5b57\u6bb5\u3002","type":"string"},"attributes":{"required":false,"default":[],"description":"core\/block\u533a\u5757\u7684\u5c5e\u6027","type":"object"},"post_id":{"required":false,"description":"\u6587\u7ae0\u4e0a\u4e0b\u6587\u7684ID\u3002","type":"integer"}}}]},"\/wp\/v2\/block-renderer\/(?P<name>core\/calendar)":{"namespace":"wp\/v2","methods":["GET"],"endpoints":[{"methods":["GET"],"args":{"name":{"required":false,"description":"\u6b64\u533a\u5757\u7684\u552f\u4e00\u6ce8\u518c\u540d\u3002","type":"string"},"context":{"required":false,"default":"view","enum":["edit"],"description":"\u8bf7\u6c42\u63d0\u51fa\u7684\u8303\u56f4\uff0c\u7528\u4e8e\u51b3\u5b9a\u56de\u5e94\u5305\u542b\u7684\u5b57\u6bb5\u3002","type":"string"},"attributes":{"required":false,"default":[],"description":"core\/calendar\u533a\u5757\u7684\u5c5e\u6027","type":"object"},"post_id":{"required":false,"description":"\u6587\u7ae0\u4e0a\u4e0b\u6587\u7684ID\u3002","type":"integer"}}}]},"\/wp\/v2\/block-renderer\/(?P<name>core\/categories)":{"namespace":"wp\/v2","methods":["GET"],"endpoints":[{"methods":["GET"],"args":{"name":{"required":false,"description":"\u6b64\u533a\u5757\u7684\u552f\u4e00\u6ce8\u518c\u540d\u3002","type":"string"},"context":{"required":false,"default":"view","enum":["edit"],"description":"\u8bf7\u6c42\u63d0\u51fa\u7684\u8303\u56f4\uff0c\u7528\u4e8e\u51b3\u5b9a\u56de\u5e94\u5305\u542b\u7684\u5b57\u6bb5\u3002","type":"string"},"attributes":{"required":false,"default":[],"description":"core\/categories\u533a\u5757\u7684\u5c5e\u6027","type":"object"},"post_id":{"required":false,"description":"\u6587\u7ae0\u4e0a\u4e0b\u6587\u7684ID\u3002","type":"integer"}}}]},"\/wp\/v2\/block-renderer\/(?P<name>core\/latest-comments)":{"namespace":"wp\/v2","methods":["GET"],"endpoints":[{"methods":["GET"],"args":{"name":{"required":false,"description":"\u6b64\u533a\u5757\u7684\u552f\u4e00\u6ce8\u518c\u540d\u3002","type":"string"},"context":{"required":false,"default":"view","enum":["edit"],"description":"\u8bf7\u6c42\u63d0\u51fa\u7684\u8303\u56f4\uff0c\u7528\u4e8e\u51b3\u5b9a\u56de\u5e94\u5305\u542b\u7684\u5b57\u6bb5\u3002","type":"string"},"attributes":{"required":false,"default":[],"description":"core\/latest-comments\u533a\u5757\u7684\u5c5e\u6027","type":"object"},"post_id":{"required":false,"description":"\u6587\u7ae0\u4e0a\u4e0b\u6587\u7684ID\u3002","type":"integer"}}}]},"\/wp\/v2\/block-renderer\/(?P<name>core\/latest-posts)":{"namespace":"wp\/v2","methods":["GET"],"endpoints":[{"methods":["GET"],"args":{"name":{"required":false,"description":"\u6b64\u533a\u5757\u7684\u552f\u4e00\u6ce8\u518c\u540d\u3002","type":"string"},"context":{"required":false,"default":"view","enum":["edit"],"description":"\u8bf7\u6c42\u63d0\u51fa\u7684\u8303\u56f4\uff0c\u7528\u4e8e\u51b3\u5b9a\u56de\u5e94\u5305\u542b\u7684\u5b57\u6bb5\u3002","type":"string"},"attributes":{"required":false,"default":[],"description":"core\/latest-posts\u533a\u5757\u7684\u5c5e\u6027","type":"object"},"post_id":{"required":false,"description":"\u6587\u7ae0\u4e0a\u4e0b\u6587\u7684ID\u3002","type":"integer"}}}]},"\/wp\/v2\/block-renderer\/(?P<name>core\/rss)":{"namespace":"wp\/v2","methods":["GET"],"endpoints":[{"methods":["GET"],"args":{"name":{"required":false,"description":"\u6b64\u533a\u5757\u7684\u552f\u4e00\u6ce8\u518c\u540d\u3002","type":"string"},"context":{"required":false,"default":"view","enum":["edit"],"description":"\u8bf7\u6c42\u63d0\u51fa\u7684\u8303\u56f4\uff0c\u7528\u4e8e\u51b3\u5b9a\u56de\u5e94\u5305\u542b\u7684\u5b57\u6bb5\u3002","type":"string"},"attributes":{"required":false,"default":[],"description":"core\/rss\u533a\u5757\u7684\u5c5e\u6027","type":"object"},"post_id":{"required":false,"description":"\u6587\u7ae0\u4e0a\u4e0b\u6587\u7684ID\u3002","type":"integer"}}}]},"\/wp\/v2\/block-renderer\/(?P<name>core\/search)":{"namespace":"wp\/v2","methods":["GET"],"endpoints":[{"methods":["GET"],"args":{"name":{"required":false,"description":"\u6b64\u533a\u5757\u7684\u552f\u4e00\u6ce8\u518c\u540d\u3002","type":"string"},"context":{"required":false,"default":"view","enum":["edit"],"description":"\u8bf7\u6c42\u63d0\u51fa\u7684\u8303\u56f4\uff0c\u7528\u4e8e\u51b3\u5b9a\u56de\u5e94\u5305\u542b\u7684\u5b57\u6bb5\u3002","type":"string"},"attributes":{"required":false,"default":[],"description":"core\/search\u533a\u5757\u7684\u5c5e\u6027","type":"object"},"post_id":{"required":false,"description":"\u6587\u7ae0\u4e0a\u4e0b\u6587\u7684ID\u3002","type":"integer"}}}]},"\/wp\/v2\/block-renderer\/(?P<name>core\/shortcode)":{"namespace":"wp\/v2","methods":["GET"],"endpoints":[{"methods":["GET"],"args":{"name":{"required":false,"description":"\u6b64\u533a\u5757\u7684\u552f\u4e00\u6ce8\u518c\u540d\u3002","type":"string"},"context":{"required":false,"default":"view","enum":["edit"],"description":"\u8bf7\u6c42\u63d0\u51fa\u7684\u8303\u56f4\uff0c\u7528\u4e8e\u51b3\u5b9a\u56de\u5e94\u5305\u542b\u7684\u5b57\u6bb5\u3002","type":"string"},"attributes":{"required":false,"default":[],"description":"core\/shortcode\u533a\u5757\u7684\u5c5e\u6027","type":"object"},"post_id":{"required":false,"description":"\u6587\u7ae0\u4e0a\u4e0b\u6587\u7684ID\u3002","type":"integer"}}}]},"\/wp\/v2\/block-renderer\/(?P<name>core\/social-link)":{"namespace":"wp\/v2","methods":["GET"],"endpoints":[{"methods":["GET"],"args":{"name":{"required":false,"description":"\u6b64\u533a\u5757\u7684\u552f\u4e00\u6ce8\u518c\u540d\u3002","type":"string"},"context":{"required":false,"default":"view","enum":["edit"],"description":"\u8bf7\u6c42\u63d0\u51fa\u7684\u8303\u56f4\uff0c\u7528\u4e8e\u51b3\u5b9a\u56de\u5e94\u5305\u542b\u7684\u5b57\u6bb5\u3002","type":"string"},"attributes":{"required":false,"default":[],"description":"core\/social-link\u533a\u5757\u7684\u5c5e\u6027","type":"object"},"post_id":{"required":false,"description":"\u6587\u7ae0\u4e0a\u4e0b\u6587\u7684ID\u3002","type":"integer"}}}]},"\/wp\/v2\/block-renderer\/(?P<name>core\/tag-cloud)":{"namespace":"wp\/v2","methods":["GET"],"endpoints":[{"methods":["GET"],"args":{"name":{"required":false,"description":"\u6b64\u533a\u5757\u7684\u552f\u4e00\u6ce8\u518c\u540d\u3002","type":"string"},"context":{"required":false,"default":"view","enum":["edit"],"description":"\u8bf7\u6c42\u63d0\u51fa\u7684\u8303\u56f4\uff0c\u7528\u4e8e\u51b3\u5b9a\u56de\u5e94\u5305\u542b\u7684\u5b57\u6bb5\u3002","type":"string"},"attributes":{"required":false,"default":[],"description":"core\/tag-cloud\u533a\u5757\u7684\u5c5e\u6027","type":"object"},"post_id":{"required":false,"description":"\u6587\u7ae0\u4e0a\u4e0b\u6587\u7684ID\u3002","type":"integer"}}}]},"\/wp\/v2\/settings":{"namespace":"wp\/v2","methods":["GET","POST","PUT","PATCH"],"endpoints":[{"methods":["GET"],"args":[]},{"methods":["POST","PUT","PATCH"],"args":{"title":{"required":false,"description":"\u7ad9\u70b9\u6807\u9898\u3002","type":"string"},"description":{"required":false,"description":"\u7ad9\u70b9\u526f\u6807\u9898\u3002","type":"string"},"url":{"required":false,"description":"\u7ad9\u70b9URL\u3002","type":"string"},"email":{"required":false,"description":"\u6b64\u5730\u5740\u88ab\u7528\u4f5c\u7ba1\u7406\u7528\u9014\uff0c\u5982\u65b0\u7528\u6237\u901a\u77e5\u3002","type":"string"},"timezone":{"required":false,"description":"\u548c\u60a8\u5728\u540c\u4e00\u4e2a\u65f6\u533a\u7684\u57ce\u5e02\u3002","type":"string"},"date_format":{"required":false,"description":"\u5bf9\u6240\u6709\u65e5\u671f\u5b57\u7b26\u4e32\u9002\u7528\u7684\u65e5\u671f\u683c\u5f0f\u3002","type":"string"},"time_format":{"required":false,"description":"\u5bf9\u6240\u6709\u65f6\u95f4\u5b57\u7b26\u4e32\u9002\u7528\u7684\u65f6\u95f4\u683c\u5f0f\u3002","type":"string"},"start_of_week":{"required":false,"description":"\u4e00\u5468\u4ece\u5468\u51e0\u5f00\u59cb\u3002","type":"integer"},"language":{"required":false,"description":"WordPress\u5730\u533a\u4ee3\u7801\u3002","type":"string"},"use_smilies":{"required":false,"description":"\u5c06\u8868\u60c5\u7b26\u53f7\u5982:-)\u548c:-P\u8f6c\u6362\u4e3a\u56fe\u50cf\u663e\u793a\u3002","type":"boolean"},"default_category":{"required":false,"description":"\u9ed8\u8ba4\u6587\u7ae0\u7c7b\u522b\u3002","type":"integer"},"default_post_format":{"required":false,"description":"\u9ed8\u8ba4\u6587\u7ae0\u683c\u5f0f\u3002","type":"string"},"posts_per_page":{"required":false,"description":"\u6700\u591a\u663e\u793a\u7684\u535a\u5ba2\u9875\u9762\u6570\u91cf\u3002","type":"integer"},"default_ping_status":{"required":false,"enum":["open","closed"],"description":"\u5141\u8bb8\u5176\u4ed6\u535a\u5ba2\u53d1\u9001\u94fe\u63a5\u901a\u77e5\uff08pingback\u548ctrackback\uff09\u5230\u65b0\u6587\u7ae0\u3002","type":"string"},"default_comment_status":{"required":false,"enum":["open","closed"],"description":"\u5141\u8bb8\u4ed6\u4eba\u5728\u65b0\u6587\u7ae0\u4e0a\u53d1\u8868\u8bc4\u8bba\u3002","type":"string"}}}],"_links":{"self":[{"href":"http:\/\/www.y66p.com\/index.php?rest_route=\/wp\/v2\/settings"}]}},"\/wp\/v2\/themes":{"namespace":"wp\/v2","methods":["GET"],"endpoints":[{"methods":["GET"],"args":{"context":{"required":false,"description":"\u8bf7\u6c42\u63d0\u51fa\u7684\u8303\u56f4\uff0c\u7528\u4e8e\u51b3\u5b9a\u56de\u5e94\u5305\u542b\u7684\u5b57\u6bb5\u3002","type":"string"},"page":{"required":false,"default":1,"description":"\u96c6\u5408\u7684\u5f53\u524d\u9875\u3002","type":"integer"},"per_page":{"required":false,"default":10,"description":"\u7ed3\u679c\u96c6\u5305\u542b\u7684\u6700\u5927\u9879\u76ee\u6570\u91cf\u3002","type":"integer"},"search":{"required":false,"description":"\u5c06\u7ed3\u679c\u9650\u5236\u4e3a\u5339\u914d\u5b57\u7b26\u4e32\u7684\u3002","type":"string"},"status":{"required":true,"description":"\u5c06\u7ed3\u679c\u9650\u5236\u4e3a\u6307\u5b9a\u4e86\u4e00\u4e2a\u6216\u591a\u4e2a\u72b6\u6001\u7684\u4e3b\u9898\u3002","type":"array","items":{"enum":["active"],"type":"string"}}}}],"_links":{"self":[{"href":"http:\/\/www.y66p.com\/index.php?rest_route=\/wp\/v2\/themes"}]}}},"_links":{"help":[{"href":"http:\/\/v2.wp-api.org\/"}]}}